武器,聖遺物セット,聖遺物メイン,バフキャラ,スキル期待値,攻撃力,HP,バフ,会心ダメ期待値,熟知,率ダメ,会心ダメ比率,聖遺物組み合わせ,サブステ,サブHP%,サブHP,スコア
有楽御簾切(効果二倍),劇団4(控え),防御%+防御%+防御%,鍾離,19677,1104,18006,0.438,2.18734,0,0.77:1.54,2,,0.72:0.16,0,0,1.6
有楽御簾切(効果二倍),劇団4(控え),防御%+防御%+会心率,鍾離,19595,1104,18006,0.438,2.714952,0,0.93:1.85,2,,0.57:0.47,0,0,1.6
有楽御簾切(効果二倍),劇団4(控え),防御%+防御%+会心ダメージ,鍾離,19512,1104,18006,0.438,2.7034,0,0.85:2.00,2.36,,0.80:0.00,0,0,1.6
有楽御簾切(効果二倍),華館4,防御%+防御%+会心率,鍾離,19467,1104,18006,0.438,2.714952,0,0.93:1.85,2,,0.57:0.47,0,0,1.6
有楽御簾切(効果二倍),華館4,防御%+防御%+会心ダメージ,鍾離,19384,1104,18006,0.438,2.7034,0,0.85:2.00,2.36,,0.80:0.00,0,0,1.6
シナバースピンドル(R5),劇団4(控え),防御%+防御%+会心ダメージ,鍾離,19282,1016,18006,0.438,1.995461,0,0.71:1.41,2,,0.66:0.29,0,0,1.6
シナバースピンドル(R5),劇団4(控え),防御%+防御%+会心率,鍾離,19282,1016,18006,0.438,1.995461,0,0.71:1.41,2,,0.34:0.91,0,0,1.6
有楽御簾切(効果二倍),華館4,防御%+岩バフ+防御%,鍾離,19071,1104,18006,0.438,2.18734,0,0.77:1.54,2,,0.72:0.16,0,0,1.6
有楽御簾切(効果二倍),華館4,防御%+岩バフ+会心率,鍾離,18922,1104,18006,0.438,2.714952,0,0.93:1.85,2,,0.57:0.47,0,0,1.6
有楽御簾切(効果二倍),華館4,防御%+岩バフ+会心ダメージ,鍾離,18841,1104,18006,0.438,2.7034,0,0.85:2.00,2.36,,0.80:0.00,0,0,1.6
有楽御簾切(効果二倍),華館4,防御%+防御%+防御%,鍾離,18830,1104,18006,0.438,2.18734,0,0.77:1.54,2,,0.72:0.16,0,0,1.6
シナバースピンドル(R5),劇団4(控え),防御%+岩バフ+防御%,鍾離,18812,1016,18006,0.438,1.605,0,0.55:1.10,2,,0.50:0.60,0,0,1.6
シナバースピンドル(R5),劇団4(控え),防御%+防御%+防御%,鍾離,18675,1016,18006,0.438,1.605,0,0.55:1.10,2,,0.50:0.60,0,0,1.6
シナバースピンドル(R5),劇団4(控え),防御%+岩バフ+会心ダメージ,鍾離,18614,1016,18006,0.438,1.995461,0,0.71:1.41,2,,0.66:0.29,0,0,1.6
シナバースピンドル(R5),劇団4(控え),防御%+岩バフ+会心率,鍾離,18614,1016,18006,0.438,1.995461,0,0.71:1.41,2,,0.34:0.91,0,0,1.6
シナバースピンドル(R5),華館4,防御%+岩バフ+会心ダメージ,鍾離,18610,1016,18006,0.438,1.995461,0,0.71:1.41,2,,0.66:0.29,0,0,1.6
シナバースピンドル(R5),華館4,防御%+岩バフ+会心率,鍾離,18610,1016,18006,0.438,1.995461,0,0.71:1.41,2,,0.34:0.91,0,0,1.6
有楽御簾切(効果二倍),劇団4(控え),防御%+岩バフ+防御%,鍾離,18545,1104,18006,0.438,2.18734,0,0.77:1.54,2,,0.72:0.16,0,0,1.6
シナバースピンドル(R5),華館4,防御%+岩バフ+防御%,鍾離,18070,1016,18006,0.438,1.605,0,0.55:1.10,2,,0.50:0.60,0,0,1.6
有楽御簾切(効果二倍),華館+劇団,防御%+防御%+会心率,鍾離,17942,1104,18006,0.438,2.714952,0,0.93:1.85,2,,0.57:0.47,0,0,1.6
有楽御簾切(効果二倍),華館+劇団,防御%+防御%+会心ダメージ,鍾離,17866,1104,18006,0.438,2.7034,0,0.85:2.00,2.36,,0.80:0.00,0,0,1.6
有楽御簾切(効果二倍),華館+劇団,防御%+防御%+防御%,鍾離,17616,1104,18006,0.438,2.18734,0,0.77:1.54,2,,0.72:0.16,0,0,1.6
シナバースピンドル(R5),華館4,防御%+防御%+会心ダメージ,鍾離,17583,1016,18006,0.438,1.995461,0,0.71:1.41,2,,0.66:0.29,0,0,1.6
シナバースピンドル(R5),華館4,防御%+防御%+会心率,鍾離,17583,1016,18006,0.438,1.995461,0,0.71:1.41,2,,0.34:0.91,0,0,1.6
有楽御簾切(効果二倍),華館+劇団,防御%+岩バフ+防御%,鍾離,17562,1104,18006,0.438,2.18734,0,0.77:1.54,2,,0.72:0.16,0,0,1.6
有楽御簾切(効果二倍),劇団4(控え),防御%+岩バフ+会心率,鍾離,17346,1104,18006,0.438,2.714952,0,0.93:1.85,2,,0.57:0.47,0,0,1.6
有楽御簾切(効果二倍),劇団4(控え),防御%+岩バフ+会心ダメージ,鍾離,17272,1104,18006,0.438,2.7034,0,0.85:2.00,2.36,,0.80:0.00,0,0,1.6
狼牙(R5),劇団4(控え),防御%+防御%+防御%,鍾離,17182,1072,18006,0.438,2.179648,0,0.77:1.54,2,,0.28:1.04,0,0,1.6
シナバースピンドル(R5),華館+劇団,防御%+岩バフ+会心ダメージ,鍾離,17101,1016,18006,0.438,1.995461,0,0.71:1.41,2,,0.66:0.29,0,0,1.6
シナバースピンドル(R5),華館+劇団,防御%+岩バフ+会心率,鍾離,17101,1016,18006,0.438,1.995461,0,0.71:1.41,2,,0.34:0.91,0,0,1.6
有楽御簾切(効果二倍),華館+劇団,防御%+岩バフ+会心率,鍾離,17031,1104,18006,0.438,2.714952,0,0.93:1.85,2,,0.57:0.47,0,0,1.6
有楽御簾切(効果二倍),華館+劇団,防御%+岩バフ+会心ダメージ,鍾離,16959,1104,18006,0.438,2.7034,0,0.85:2.00,2.36,,0.80:0.00,0,0,1.6
シナバースピンドル(R5),華館+劇団,防御%+岩バフ+防御%,鍾離,16872,1016,18006,0.438,1.605,0,0.55:1.10,2,,0.50:0.60,0,0,1.6
狼牙(R5),劇団4(控え),防御%+防御%+会心ダメージ,鍾離,16805,1072,18006,0.438,2.705704,0,0.92:1.85,2,,0.44:0.73,0,0,1.6
狼牙(R5),劇団4(控え),防御%+防御%+会心率,鍾離,16805,1072,18006,0.438,2.705705,0,0.92:1.85,2,,0.13:1.35,0,0,1.6
狼牙(R5),華館4,防御%+防御%+会心ダメージ,鍾離,16726,1072,18006,0.438,2.705704,0,0.92:1.85,2,,0.44:0.73,0,0,1.6
狼牙(R5),華館4,防御%+防御%+会心率,鍾離,16726,1072,18006,0.438,2.705705,0,0.92:1.85,2,,0.13:1.35,0,0,1.6
静水流転の輝き,劇団4(控え),防御%+防御%+防御%,鍾離,16693,1104,21709.28,0.438,2.18734,0,0.77:1.54,2,,0.72:0.16,0,0,1.6
狼牙(R5),華館4,防御%+岩バフ+防御%,鍾離,16617,1072,18006,0.438,2.179648,0,0.77:1.54,2,,0.28:1.04,0,0,1.6
シナバースピンドル(R5),華館4,防御%+防御%+防御%,鍾離,16571,1016,18006,0.438,1.605,0,0.55:1.10,2,,0.50:0.60,0,0,1.6
シナバースピンドル(R5),華館+劇団,防御%+防御%+会心ダメージ,鍾離,16438,1016,18006,0.438,1.995461,0,0.71:1.41,2,,0.66:0.29,0,0,1.6
シナバースピンドル(R5),華館+劇団,防御%+防御%+会心率,鍾離,16438,1016,18006,0.438,1.995461,0,0.71:1.41,2,,0.34:0.91,0,0,1.6
狼牙(R5),華館4,防御%+防御%+防御%,鍾離,16377,1072,18006,0.438,2.179648,0,0.77:1.54,2,,0.28:1.04,0,0,1.6
静水流転の輝き,劇団4(控え),防御%+防御%+会心率,鍾離,16325,1104,21709.28,0.438,2.714952,0,0.93:1.85,2,,0.57:0.47,0,0,1.6
静水流転の輝き,劇団4(控え),防御%+防御%+会心ダメージ,鍾離,16256,1104,21709.28,0.438,2.7034,0,0.85:2.00,2.36,,0.80:0.00,0,0,1.6
狼牙(R5),華館4,防御%+岩バフ+会心ダメージ,鍾離,16183,1072,18006,0.438,2.705704,0,0.92:1.85,2,,0.44:0.73,0,0,1.6
狼牙(R5),華館4,防御%+岩バフ+会心率,鍾離,16183,1072,18006,0.438,2.705705,0,0.92:1.85,2,,0.13:1.35,0,0,1.6
静水流転の輝き,華館4,防御%+岩バフ+防御%,鍾離,16134,1104,21709.28,0.438,2.18734,0,0.77:1.54,2,,0.72:0.16,0,0,1.6
静水流転の輝き,華館4,防御%+防御%+会心率,鍾離,16111,1104,21709.28,0.438,2.714952,0,0.93:1.85,2,,0.57:0.47,0,0,1.6
狼牙(R5),劇団4(控え),防御%+岩バフ+防御%,鍾離,16054,1072,18006,0.438,2.179648,0,0.77:1.54,2,,0.28:1.04,0,0,1.6
静水流転の輝き,華館4,防御%+防御%+会心ダメージ,鍾離,16042,1104,21709.28,0.438,2.7034,0,0.85:2.00,2.36,,0.80:0.00,0,0,1.6
黎明の神剣(R5),劇団4(控え),防御%+防御%+防御%,鍾離,15840,963,18006,0.438,2.303305,0,0.81:1.61,2,,0.48:0.65,0,0,1.6
有楽御簾切(効果二倍),劇団4(控え),防御%+元素熟知+防御%,鍾離,15787,1104,18006,0.438,2.18734,187,0.77:1.54,2,,0.72:0.16,0,0,1.6
静水流転の輝き,華館4,防御%+防御%+防御%,鍾離,15777,1104,21709.28,0.438,2.18734,0,0.77:1.54,2,,0.72:0.16,0,0,1.6
静水流転の輝き,華館4,防御%+岩バフ+会心率,鍾離,15711,1104,21709.28,0.438,2.714952,0,0.93:1.85,2,,0.57:0.47,0,0,1.6
有楽御簾切(効果二倍),華館4,防御%+元素熟知+防御%,鍾離,15684,1104,18006,0.438,2.18734,187,0.77:1.54,2,,0.72:0.16,0,0,1.6
静水流転の輝き,劇団4(控え),防御%+岩バフ+防御%,鍾離,15677,1104,21709.28,0.438,2.18734,0,0.77:1.54,2,,0.72:0.16,0,0,1.6
シナバースピンドル(R5),華館+劇団,防御%+防御%+防御%,鍾離,15664,1016,18006,0.438,1.605,0,0.55:1.10,2,,0.50:0.60,0,0,1.6
静水流転の輝き,華館4,防御%+岩バフ+会心ダメージ,鍾離,15644,1104,21709.28,0.438,2.7034,0,0.85:2.00,2.36,,0.80:0.00,0,0,1.6
有楽御簾切(効果二倍),華館4,防御%+元素熟知+会心率,鍾離,15561,1104,18006,0.438,2.714952,187,0.93:1.85,2,,0.57:0.47,0,0,1.6
シナバースピンドル(R5),劇団4(控え),防御%+元素熟知+防御%,鍾離,15509,1016,18006,0.438,1.605,187,0.55:1.10,2,,0.50:0.60,0,0,1.6
有楽御簾切(効果二倍),華館4,防御%+元素熟知+会心ダメージ,鍾離,15495,1104,18006,0.438,2.7034,187,0.85:2.00,2.36,,0.80:0.00,0,0,1.6
黎明の神剣(R5),劇団4(控え),防御%+防御%+会心ダメージ,鍾離,15464,963,18006,0.438,2.853775,0,0.96:1.93,2,,0.63:0.33,0,0,1.6
黎明の神剣(R5),劇団4(控え),防御%+防御%+会心率,鍾離,15464,963,18006,0.438,2.853775,0,0.96:1.93,2,,0.32:0.96,0,0,1.6
シナバースピンドル(R5),劇団4(控え),防御%+元素熟知+会心ダメージ,鍾離,15346,1016,18006,0.438,1.995461,187,0.71:1.41,2,,0.66:0.29,0,0,1.6
シナバースピンドル(R5),劇団4(控え),防御%+元素熟知+会心率,鍾離,15346,1016,18006,0.438,1.995461,187,0.71:1.41,2,,0.34:0.91,0,0,1.6
狼牙(R5),華館+劇団,防御%+防御%+会心ダメージ,鍾離,15319,1072,18006,0.438,2.705704,0,0.92:1.85,2,,0.44:0.73,0,0,1.6
狼牙(R5),華館+劇団,防御%+防御%+会心率,鍾離,15319,1072,18006,0.438,2.705705,0,0.92:1.85,2,,0.13:1.35,0,0,1.6
黎明の神剣(R5),華館4,防御%+岩バフ+防御%,鍾離,15279,963,18006,0.438,2.303305,0,0.81:1.61,2,,0.48:0.65,0,0,1.6
狼牙(R5),華館+劇団,防御%+防御%+防御%,鍾離,15258,1072,18006,0.438,2.179648,0,0.77:1.54,2,,0.28:1.04,0,0,1.6
有楽御簾切(効果二倍),華館4,防御%+岩バフ+元素熟知,鍾離,15244,1104,18006,0.438,2.18734,187,0.77:1.54,2,,0.72:0.16,0,0,1.6
霧切(フル),劇団4(控え),防御%+防御%+防御%,鍾離,15226,1236,18006,0.838,1.87186,0,0.66:1.32,2,,0.61:0.38,0,0,1.6
狼牙(R5),華館+劇団,防御%+岩バフ+防御%,鍾離,15204,1072,18006,0.438,2.179648,0,0.77:1.54,2,,0.28:1.04,0,0,1.6
黎明の神剣(R5),劇団4(控え),防御%+岩バフ+防御%,鍾離,15139,963,18006,0.438,2.303305,0,0.81:1.61,2,,0.48:0.65,0,0,1.6
霧切(フル),華館4,防御%+防御%+会心ダメージ,鍾離,14986,1236,18006,0.838,2.330896,0,0.82:1.63,2,,0.77:0.07,0,0,1.6
霧切(フル),華館4,防御%+防御%+会心率,鍾離,14986,1236,18006,0.838,2.330896,0,0.82:1.63,2,,0.45:0.69,0,0,1.6
シナバースピンドル(R5),劇団4(控え),防御%+岩バフ+元素熟知,鍾離,14972,1016,18006,0.438,1.605,187,0.55:1.10,2,,0.50:0.60,0,0,1.6
シナバースピンドル(R5),華館4,防御%+岩バフ+元素熟知,鍾離,14968,1016,18006,0.438,1.605,187,0.55:1.10,2,,0.50:0.60,0,0,1.6
霧切(フル),劇団4(控え),防御%+防御%+会心ダメージ,鍾離,14939,1236,18006,0.838,2.330896,0,0.82:1.63,2,,0.77:0.07,0,0,1.6
霧切(フル),劇団4(控え),防御%+防御%+会心率,鍾離,14939,1236,18006,0.838,2.330896,0,0.82:1.63,2,,0.45:0.69,0,0,1.6
黎明の神剣(R5),華館4,防御%+岩バフ+会心ダメージ,鍾離,14852,963,18006,0.438,2.853775,0,0.96:1.93,2,,0.63:0.33,0,0,1.6
黎明の神剣(R5),華館4,防御%+岩バフ+会心率,鍾離,14852,963,18006,0.438,2.853775,0,0.96:1.93,2,,0.32:0.96,0,0,1.6
黎明の神剣(R5),華館4,防御%+防御%+会心ダメージ,鍾離,14816,963,18006,0.438,2.853775,0,0.96:1.93,2,,0.63:0.33,0,0,1.6
黎明の神剣(R5),華館4,防御%+防御%+会心率,鍾離,14816,963,18006,0.438,2.853775,0,0.96:1.93,2,,0.32:0.96,0,0,1.6
有楽御簾切(効果二倍),劇団4(控え),防御%+元素熟知+会心率,鍾離,14767,1104,18006,0.438,2.714952,187,0.93:1.85,2,,0.57:0.47,0,0,1.6
静水流転の輝き,華館+劇団,防御%+岩バフ+防御%,鍾離,14764,1104,21709.28,0.438,2.18734,0,0.77:1.54,2,,0.72:0.16,0,0,1.6
静水流転の輝き,華館+劇団,防御%+防御%+会心率,鍾離,14759,1104,21709.28,0.438,2.714952,0,0.93:1.85,2,,0.57:0.47,0,0,1.6
霧切(フル),華館4,防御%+岩バフ+防御%,鍾離,14733,1236,18006,0.838,1.87186,0,0.66:1.32,2,,0.61:0.38,0,0,1.6
有楽御簾切(効果二倍),劇団4(控え),防御%+元素熟知+会心ダメージ,鍾離,14704,1104,18006,0.438,2.7034,187,0.85:2.00,2.36,,0.80:0.00,0,0,1.6
静水流転の輝き,華館+劇団,防御%+防御%+防御%,鍾離,14702,1104,21709.28,0.438,2.18734,0,0.77:1.54,2,,0.72:0.16,0,0,1.6
静水流転の輝き,華館+劇団,防御%+防御%+会心ダメージ,鍾離,14696,1104,21709.28,0.438,2.7034,0,0.85:2.00,2.36,,0.80:0.00,0,0,1.6
霧切(フル),華館4,防御%+防御%+防御%,鍾離,14627,1236,18006,0.838,1.87186,0,0.66:1.32,2,,0.61:0.38,0,0,1.6
シナバースピンドル(R5),華館4,防御%+元素熟知+会心ダメージ,鍾離,14565,1016,18006,0.438,1.995461,187,0.71:1.41,2,,0.66:0.29,0,0,1.6
シナバースピンドル(R5),華館4,防御%+元素熟知+会心率,鍾離,14565,1016,18006,0.438,1.995461,187,0.71:1.41,2,,0.34:0.91,0,0,1.6
狼牙(R5),劇団4(控え),防御%+岩バフ+会心ダメージ,鍾離,14564,1072,18006,0.438,2.705704,0,0.92:1.85,2,,0.44:0.73,0,0,1.6
狼牙(R5),劇団4(控え),防御%+岩バフ+会心率,鍾離,14564,1072,18006,0.438,2.705705,0,0.92:1.85,2,,0.13:1.35,0,0,1.6
有楽御簾切(効果二倍),劇団4(控え),防御%+防御%+防御%,,14534,1104,18006,0.288,2.18734,0,0.77:1.54,2,,0.72:0.16,0,0,1.6
黎明の神剣(R5),華館4,防御%+防御%+防御%,鍾離,14534,963,18006,0.438,2.303305,0,0.81:1.61,2,,0.48:0.65,0,0,1.6
有楽御簾切(効果二倍),劇団4(控え),防御%+防御%+会心率,,14473,1104,18006,0.288,2.714952,0,0.93:1.85,2,,0.57:0.47,0,0,1.6
有楽御簾切(効果二倍),華館+劇団,防御%+元素熟知+防御%,鍾離,14455,1104,18006,0.438,2.18734,187,0.77:1.54,2,,0.72:0.16,0,0,1.6
狼牙(R5),華館+劇団,防御%+岩バフ+会心ダメージ,鍾離,14412,1072,18006,0.438,2.705704,0,0.92:1.85,2,,0.44:0.73,0,0,1.6
狼牙(R5),華館+劇団,防御%+岩バフ+会心率,鍾離,14412,1072,18006,0.438,2.705705,0,0.92:1.85,2,,0.13:1.35,0,0,1.6
有楽御簾切(効果二倍),劇団4(控え),防御%+防御%+会心ダメージ,,14411,1104,18006,0.288,2.7034,0,0.85:2.00,2.36,,0.80:0.00,0,0,1.6
霧切(フル),華館4,防御%+岩バフ+会心ダメージ,鍾離,14394,1236,18006,0.838,2.330896,0,0.82:1.63,2,,0.77:0.07,0,0,1.6
霧切(フル),華館4,防御%+岩バフ+会心率,鍾離,14394,1236,18006,0.838,2.330896,0,0.82:1.63,2,,0.45:0.69,0,0,1.6
静水流転の輝き,劇団4(控え),防御%+岩バフ+会心率,鍾離,14221,1104,21709.28,0.438,2.714952,0,0.93:1.85,2,,0.57:0.47,0,0,1.6
有楽御簾切(効果二倍),華館4,防御%+防御%+会心率,,14176,1104,18006,0.288,2.714952,0,0.93:1.85,2,,0.57:0.47,0,0,1.6
静水流転の輝き,劇団4(控え),防御%+岩バフ+会心ダメージ,鍾離,14160,1104,21709.28,0.438,2.7034,0,0.85:2.00,2.36,,0.80:0.00,0,0,1.6
霧切(フル),劇団4(控え),防御%+岩バフ+防御%,鍾離,14157,1236,18006,0.838,1.87186,0,0.66:1.32,2,,0.61:0.38,0,0,1.6
シナバースピンドル(R5),華館4,防御%+元素熟知+防御%,鍾離,14143,1016,18006,0.438,1.605,187,0.55:1.10,2,,0.50:0.60,0,0,1.6
有楽御簾切(効果二倍),華館4,防御%+防御%+会心ダメージ,,14116,1104,18006,0.288,2.7034,0,0.85:2.00,2.36,,0.80:0.00,0,0,1.6
有楽御簾切(効果二倍),華館4,防御%+岩バフ+防御%,,14071,1104,18006,0.288,2.18734,0,0.77:1.54,2,,0.72:0.16,0,0,1.6
シナバースピンドル(R5),劇団4(控え),防御%+防御%+会心ダメージ,,14055,1016,18006,0.288,1.995461,0,0.71:1.41,2,,0.66:0.29,0,0,1.6
シナバースピンドル(R5),劇団4(控え),防御%+防御%+会心率,,14055,1016,18006,0.288,1.995461,0,0.71:1.41,2,,0.34:0.91,0,0,1.6
有楽御簾切(効果二倍),華館+劇団,防御%+元素熟知+会心率,鍾離,14018,1104,18006,0.438,2.714952,187,0.93:1.85,2,,0.57:0.47,0,0,1.6
静水流転の輝き,華館+劇団,防御%+岩バフ+会心率,鍾離,13993,1104,21709.28,0.438,2.714952,0,0.93:1.85,2,,0.57:0.47,0,0,1.6
黎明の神剣(R5),華館+劇団,防御%+岩バフ+防御%,鍾離,13989,963,18006,0.438,2.303305,0,0.81:1.61,2,,0.48:0.65,0,0,1.6
有楽御簾切(効果二倍),劇団4(控え),防御%+岩バフ+元素熟知,鍾離,13975,1104,18006,0.438,2.18734,187,0.77:1.54,2,,0.72:0.16,0,0,1.6
有楽御簾切(効果二倍),華館4,防御%+岩バフ+会心率,,13962,1104,18006,0.288,2.714952,0,0.93:1.85,2,,0.57:0.47,0,0,1.6
有楽御簾切(効果二倍),華館+劇団,防御%+元素熟知+会心ダメージ,鍾離,13959,1104,18006,0.438,2.7034,187,0.85:2.00,2.36,,0.80:0.00,0,0,1.6
静水流転の輝き,華館+劇団,防御%+岩バフ+会心ダメージ,鍾離,13934,1104,21709.28,0.438,2.7034,0,0.85:2.00,2.36,,0.80:0.00,0,0,1.6
有楽御簾切(効果二倍),華館4,防御%+岩バフ+会心ダメージ,,13902,1104,18006,0.288,2.7034,0,0.85:2.00,2.36,,0.80:0.00,0,0,1.6
シナバースピンドル(R5),劇団4(控え),防御%+岩バフ+防御%,,13890,1016,18006,0.288,1.605,0,0.55:1.10,2,,0.50:0.60,0,0,1.6
有楽御簾切(効果二倍),劇団4(控え),防御%+岩バフ+防御%,,13818,1104,18006,0.288,2.18734,0,0.77:1.54,2,,0.72:0.16,0,0,1.6
シナバースピンドル(R5),華館+劇団,防御%+岩バフ+元素熟知,鍾離,13755,1016,18006,0.438,1.605,187,0.55:1.10,2,,0.50:0.60,0,0,1.6
腐植の剣(R5),劇団4(控え),防御%+防御%+防御%,鍾離,13749,1072,18006,0.438,1.7442,0,0.61:1.22,2,,0.44:0.72,0,0,1.6
シナバースピンドル(R5),劇団4(控え),防御%+岩バフ+会心ダメージ,,13744,1016,18006,0.288,1.995461,0,0.71:1.41,2,,0.66:0.29,0,0,1.6
シナバースピンドル(R5),劇団4(控え),防御%+岩バフ+会心率,,13744,1016,18006,0.288,1.995461,0,0.71:1.41,2,,0.34:0.91,0,0,1.6
霧切(フル),華館+劇団,防御%+防御%+会心ダメージ,鍾離,13722,1236,18006,0.838,2.330896,0,0.82:1.63,2,,0.77:0.07,0,0,1.6
霧切(フル),華館+劇団,防御%+防御%+会心率,鍾離,13722,1236,18006,0.838,2.330896,0,0.82:1.63,2,,0.45:0.69,0,0,1.6
有楽御簾切(効果二倍),華館+劇団,防御%+岩バフ+元素熟知,鍾離,13722,1104,18006,0.438,2.18734,187,0.77:1.54,2,,0.72:0.16,0,0,1.6
有楽御簾切(効果二倍),華館4,防御%+防御%+防御%,,13712,1104,18006,0.288,2.18734,0,0.77:1.54,2,,0.72:0.16,0,0,1.6
黎明の神剣(R5),劇団4(控え),防御%+岩バフ+会心ダメージ,鍾離,13708,963,18006,0.438,2.853775,0,0.96:1.93,2,,0.63:0.33,0,0,1.6
黎明の神剣(R5),劇団4(控え),防御%+岩バフ+会心率,鍾離,13708,963,18006,0.438,2.853775,0,0.96:1.93,2,,0.32:0.96,0,0,1.6
霧切(フル),華館+劇団,防御%+防御%+防御%,鍾離,13625,1236,18006,0.838,1.87186,0,0.66:1.32,2,,0.61:0.38,0,0,1.6
シナバースピンドル(R5),劇団4(控え),防御%+防御%+防御%,,13613,1016,18006,0.288,1.605,0,0.55:1.10,2,,0.50:0.60,0,0,1.6
黎明の神剣(R5),華館+劇団,防御%+防御%+会心ダメージ,鍾離,13582,963,18006,0.438,2.853775,0,0.96:1.93,2,,0.63:0.33,0,0,1.6
黎明の神剣(R5),華館+劇団,防御%+防御%+会心率,鍾離,13582,963,18006,0.438,2.853775,0,0.96:1.93,2,,0.32:0.96,0,0,1.6
黎明の神剣(R5),華館+劇団,防御%+防御%+防御%,鍾離,13554,963,18006,0.438,2.303305,0,0.81:1.61,2,,0.48:0.65,0,0,1.6
シナバースピンドル(R5),華館4,防御%+岩バフ+会心ダメージ,,13545,1016,18006,0.288,1.995461,0,0.71:1.41,2,,0.66:0.29,0,0,1.6
シナバースピンドル(R5),華館4,防御%+岩バフ+会心率,,13545,1016,18006,0.288,1.995461,0,0.71:1.41,2,,0.34:0.91,0,0,1.6
狼牙(R5),劇団4(控え),防御%+元素熟知+防御%,鍾離,13538,1072,18006,0.438,2.179648,187,0.77:1.54,2,,0.28:1.04,0,0,1.6
腐植の剣(R5),劇団4(控え),防御%+防御%+会心ダメージ,鍾離,13490,1072,18006,0.438,2.171981,0,0.77:1.53,2,,0.60:0.41,0,0,1.6
腐植の剣(R5),劇団4(控え),防御%+防御%+会心率,鍾離,13490,1072,18006,0.438,2.171981,0,0.77:1.53,2,,0.28:1.03,0,0,1.6
霧切(フル),華館+劇団,防御%+岩バフ+防御%,鍾離,13479,1236,18006,0.838,1.87186,0,0.66:1.32,2,,0.61:0.38,0,0,1.6
狼牙(R5),華館4,防御%+元素熟知+防御%,鍾離,13474,1072,18006,0.438,2.179648,187,0.77:1.54,2,,0.28:1.04,0,0,1.6
腐植の剣(R5),華館4,防御%+防御%+会心ダメージ,鍾離,13426,1072,18006,0.438,2.171981,0,0.77:1.53,2,,0.60:0.41,0,0,1.6
腐植の剣(R5),華館4,防御%+防御%+会心率,鍾離,13426,1072,18006,0.438,2.171981,0,0.77:1.53,2,,0.28:1.03,0,0,1.6
シナバースピンドル(R5),華館+劇団,防御%+元素熟知+会心ダメージ,鍾離,13401,1016,18006,0.438,1.995461,187,0.71:1.41,2,,0.66:0.29,0,0,1.6
シナバースピンドル(R5),華館+劇団,防御%+元素熟知+会心率,鍾離,13401,1016,18006,0.438,1.995461,187,0.71:1.41,2,,0.34:0.91,0,0,1.6
腐植の剣(R5),華館4,防御%+岩バフ+防御%,鍾離,13297,1072,18006,0.438,1.7442,0,0.61:1.22,2,,0.44:0.72,0,0,1.6
黎明の神剣(R5),華館+劇団,防御%+岩バフ+会心ダメージ,鍾離,13234,963,18006,0.438,2.853775,0,0.96:1.93,2,,0.63:0.33,0,0,1.6
黎明の神剣(R5),華館+劇団,防御%+岩バフ+会心率,鍾離,13234,963,18006,0.438,2.853775,0,0.96:1.93,2,,0.32:0.96,0,0,1.6
シナバースピンドル(R5),華館+劇団,防御%+元素熟知+防御%,鍾離,13221,1016,18006,0.438,1.605,187,0.55:1.10,2,,0.50:0.60,0,0,1.6
シナバースピンドル(R5),華館4,防御%+岩バフ+防御%,,13152,1016,18006,0.288,1.605,0,0.55:1.10,2,,0.50:0.60,0,0,1.6
静水流転の輝き,劇団4(控え),防御%+元素熟知+防御%,鍾離,13152,1104,21709.28,0.438,2.18734,187,0.77:1.54,2,,0.72:0.16,0,0,1.6
狼牙(R5),華館4,防御%+元素熟知+会心ダメージ,鍾離,13122,1072,18006,0.438,2.705704,187,0.92:1.85,2,,0.44:0.73,0,0,1.6
狼牙(R5),華館4,防御%+元素熟知+会心率,鍾離,13122,1072,18006,0.438,2.705705,187,0.92:1.85,2,,0.13:1.35,0,0,1.6
腐植の剣(R5),華館4,防御%+防御%+防御%,鍾離,13105,1072,18006,0.438,1.7442,0,0.61:1.22,2,,0.44:0.72,0,0,1.6
有楽御簾切(効果二倍),華館+劇団,防御%+防御%+会心率,,13070,1104,18006,0.288,2.714952,0,0.93:1.85,2,,0.57:0.47,0,0,1.6
狼牙(R5),華館4,防御%+岩バフ+元素熟知,鍾離,13036,1072,18006,0.438,2.179648,187,0.77:1.54,2,,0.28:1.04,0,0,1.6
有楽御簾切(効果二倍),華館+劇団,防御%+防御%+会心ダメージ,,13014,1104,18006,0.288,2.7034,0,0.85:2.00,2.36,,0.80:0.00,0,0,1.6
腐植の剣(R5),華館4,防御%+岩バフ+会心ダメージ,鍾離,12991,1072,18006,0.438,2.171981,0,0.77:1.53,2,,0.60:0.41,0,0,1.6
腐植の剣(R5),華館4,防御%+岩バフ+会心率,鍾離,12991,1072,18006,0.438,2.171981,0,0.77:1.53,2,,0.28:1.03,0,0,1.6
静水流転の輝き,華館4,防御%+元素熟知+防御%,鍾離,12980,1104,21709.28,0.438,2.18734,187,0.77:1.54,2,,0.72:0.16,0,0,1.6
有楽御簾切(効果二倍),華館+劇団,防御%+岩バフ+防御%,,12961,1104,18006,0.288,2.18734,0,0.77:1.54,2,,0.72:0.16,0,0,1.6
有楽御簾切(効果二倍),劇団4(控え),防御%+岩バフ+会心率,,12925,1104,18006,0.288,2.714952,0,0.93:1.85,2,,0.57:0.47,0,0,1.6
霧切(フル),劇団4(控え),防御%+岩バフ+会心ダメージ,鍾離,12884,1236,18006,0.838,2.330896,0,0.82:1.63,2,,0.77:0.07,0,0,1.6
霧切(フル),劇団4(控え),防御%+岩バフ+会心率,鍾離,12884,1236,18006,0.838,2.330896,0,0.82:1.63,2,,0.45:0.69,0,0,1.6
有楽御簾切(効果二倍),劇団4(控え),防御%+岩バフ+会心ダメージ,,12870,1104,18006,0.288,2.7034,0,0.85:2.00,2.36,,0.80:0.00,0,0,1.6
腐植の剣(R5),劇団4(控え),防御%+岩バフ+防御%,鍾離,12846,1072,18006,0.438,1.7442,0,0.61:1.22,2,,0.44:0.72,0,0,1.6
有楽御簾切(効果二倍),華館+劇団,防御%+防御%+防御%,,12833,1104,18006,0.288,2.18734,0,0.77:1.54,2,,0.72:0.16,0,0,1.6
霧切(フル),華館+劇団,防御%+岩バフ+会心ダメージ,鍾離,12817,1236,18006,0.838,2.330896,0,0.82:1.63,2,,0.77:0.07,0,0,1.6
霧切(フル),華館+劇団,防御%+岩バフ+会心率,鍾離,12817,1236,18006,0.838,2.330896,0,0.82:1.63,2,,0.45:0.69,0,0,1.6
静水流転の輝き,華館4,防御%+岩バフ+元素熟知,鍾離,12658,1104,21709.28,0.438,2.18734,187,0.77:1.54,2,,0.72:0.16,0,0,1.6
狼牙(R5),劇団4(控え),防御%+防御%+防御%,,12642,1072,18006,0.288,2.179648,0,0.77:1.54,2,,0.28:1.04,0,0,1.6
静水流転の輝き,華館4,防御%+元素熟知+会心率,鍾離,12640,1104,21709.28,0.438,2.714952,187,0.93:1.85,2,,0.57:0.47,0,0,1.6
静水流転の輝き,華館4,防御%+元素熟知+会心ダメージ,鍾離,12586,1104,21709.28,0.438,2.7034,187,0.85:2.00,2.36,,0.80:0.00,0,0,1.6
有楽御簾切(効果二倍),華館+劇団,防御%+岩バフ+会心率,,12570,1104,18006,0.288,2.714952,0,0.93:1.85,2,,0.57:0.47,0,0,1.6
有楽御簾切(効果二倍),華館4,防御%+元素熟知+元素熟知,鍾離,12537,1104,18006,0.438,2.18734,374,0.77:1.54,2,,0.72:0.16,0,0,1.6
シナバースピンドル(R5),華館4,防御%+防御%+会心ダメージ,,12531,1016,18006,0.288,1.995461,0,0.71:1.41,2,,0.66:0.29,0,0,1.6
シナバースピンドル(R5),華館4,防御%+防御%+会心率,,12531,1016,18006,0.288,1.995461,0,0.71:1.41,2,,0.34:0.91,0,0,1.6
有楽御簾切(効果二倍),華館+劇団,防御%+岩バフ+会心ダメージ,,12516,1104,18006,0.288,2.7034,0,0.85:2.00,2.36,,0.80:0.00,0,0,1.6
黎明の神剣(R5),劇団4(控え),防御%+元素熟知+防御%,鍾離,12481,963,18006,0.438,2.303305,187,0.81:1.61,2,,0.48:0.65,0,0,1.6
シナバースピンドル(R5),華館+劇団,防御%+岩バフ+会心ダメージ,,12451,1016,18006,0.288,1.995461,0,0.71:1.41,2,,0.66:0.29,0,0,1.6
シナバースピンドル(R5),華館+劇団,防御%+岩バフ+会心率,,12451,1016,18006,0.288,1.995461,0,0.71:1.41,2,,0.34:0.91,0,0,1.6
狼牙(R5),劇団4(控え),防御%+防御%+会心ダメージ,,12365,1072,18006,0.288,2.705704,0,0.92:1.85,2,,0.44:0.73,0,0,1.6
狼牙(R5),劇団4(控え),防御%+防御%+会心率,,12365,1072,18006,0.288,2.705705,0,0.92:1.85,2,,0.13:1.35,0,0,1.6
シナバースピンドル(R5),劇団4(控え),防御%+元素熟知+元素熟知,鍾離,12343,1016,18006,0.438,1.605,374,0.55:1.10,2,,0.50:0.60,0,0,1.6
狼牙(R5),華館+劇団,防御%+元素熟知+防御%,鍾離,12340,1072,18006,0.438,2.179648,187,0.77:1.54,2,,0.28:1.04,0,0,1.6
サーンドルの渡し守(R5),劇団4(控え),防御%+防御%+防御%,鍾離,12336,1072,18006,0.438,1.7938,0,0.63:1.26,2,,0.42:0.76,0,0,1.6
腐植の剣(R5),華館+劇団,防御%+防御%+会心ダメージ,鍾離,12297,1072,18006,0.438,2.171981,0,0.77:1.53,2,,0.60:0.41,0,0,1.6
腐植の剣(R5),華館+劇団,防御%+防御%+会心率,鍾離,12297,1072,18006,0.438,2.171981,0,0.77:1.53,2,,0.28:1.03,0,0,1.6
シナバースピンドル(R5),華館+劇団,防御%+岩バフ+防御%,,12284,1016,18006,0.288,1.605,0,0.55:1.10,2,,0.50:0.60,0,0,1.6
狼牙(R5),劇団4(控え),防御%+元素熟知+会心ダメージ,鍾離,12282,1072,18006,0.438,2.705704,187,0.92:1.85,2,,0.44:0.73,0,0,1.6
狼牙(R5),劇団4(控え),防御%+元素熟知+会心率,鍾離,12282,1072,18006,0.438,2.705705,187,0.92:1.85,2,,0.13:1.35,0,0,1.6
静水流転の輝き,劇団4(控え),防御%+防御%+防御%,,12257,1104,21709.28,0.288,2.18734,0,0.77:1.54,2,,0.72:0.16,0,0,1.6
狼牙(R5),華館4,防御%+岩バフ+防御%,,12212,1072,18006,0.288,2.179648,0,0.77:1.54,2,,0.28:1.04,0,0,1.6
腐植の剣(R5),華館+劇団,防御%+防御%+防御%,鍾離,12209,1072,18006,0.438,1.7442,0,0.61:1.22,2,,0.44:0.72,0,0,1.6
腐植の剣(R5),華館+劇団,防御%+岩バフ+防御%,鍾離,12167,1072,18006,0.438,1.7442,0,0.61:1.22,2,,0.44:0.72,0,0,1.6
狼牙(R5),華館4,防御%+防御%+会心ダメージ,,12107,1072,18006,0.288,2.705704,0,0.92:1.85,2,,0.44:0.73,0,0,1.6
狼牙(R5),華館4,防御%+防御%+会心率,,12107,1072,18006,0.288,2.705705,0,0.92:1.85,2,,0.13:1.35,0,0,1.6
サーンドルの渡し守(R5),劇団4(控え),防御%+防御%+会心ダメージ,鍾離,12105,1072,18006,0.438,2.23402,0,0.79:1.57,2,,0.58:0.45,0,0,1.6
サーンドルの渡し守(R5),劇団4(控え),防御%+防御%+会心率,鍾離,12105,1072,18006,0.438,2.234021,0,0.79:1.57,2,,0.26:1.07,0,0,1.6
霧切(フル),華館4,防御%+元素熟知+防御%,鍾離,12034,1236,18006,0.838,1.87186,187,0.66:1.32,2,,0.61:0.38,0,0,1.6
霧切(フル),劇団4(控え),防御%+元素熟知+防御%,鍾離,11997,1236,18006,0.838,1.87186,187,0.66:1.32,2,,0.61:0.38,0,0,1.6
静水流転の輝き,劇団4(控え),防御%+防御%+会心率,,11987,1104,21709.28,0.288,2.714952,0,0.93:1.85,2,,0.57:0.47,0,0,1.6
黎明の神剣(R5),華館4,防御%+岩バフ+元素熟知,鍾離,11987,963,18006,0.438,2.303305,187,0.81:1.61,2,,0.48:0.65,0,0,1.6
黎明の神剣(R5),華館4,防御%+元素熟知+防御%,鍾離,11958,963,18006,0.438,2.303305,187,0.81:1.61,2,,0.48:0.65,0,0,1.6
静水流転の輝き,劇団4(控え),防御%+防御%+会心ダメージ,,11936,1104,21709.28,0.288,2.7034,0,0.85:2.00,2.36,,0.80:0.00,0,0,1.6
静水流転の輝き,劇団4(控え),防御%+元素熟知+会心率,鍾離,11931,1104,21709.28,0.438,2.714952,187,0.93:1.85,2,,0.57:0.47,0,0,1.6
狼牙(R5),劇団4(控え),防御%+岩バフ+防御%,,11930,1072,18006,0.288,2.179648,0,0.77:1.54,2,,0.28:1.04,0,0,1.6
サーンドルの渡し守(R5),華館4,防御%+岩バフ+防御%,鍾離,11899,1072,18006,0.438,1.7938,0,0.63:1.26,2,,0.42:0.76,0,0,1.6
有楽御簾切(効果二倍),劇団4(控え),防御%+元素熟知+元素熟知,鍾離,11897,1104,18006,0.438,2.18734,374,0.77:1.54,2,,0.72:0.16,0,0,1.6
狼牙(R5),華館4,防御%+岩バフ+会心ダメージ,,11894,1072,18006,0.288,2.705704,0,0.92:1.85,2,,0.44:0.73,0,0,1.6
狼牙(R5),華館4,防御%+岩バフ+会心率,,11894,1072,18006,0.288,2.705705,0,0.92:1.85,2,,0.13:1.35,0,0,1.6
静水流転の輝き,華館+劇団,防御%+元素熟知+防御%,鍾離,11890,1104,21709.28,0.438,2.18734,187,0.77:1.54,2,,0.72:0.16,0,0,1.6
静水流転の輝き,劇団4(控え),防御%+元素熟知+会心ダメージ,鍾離,11880,1104,21709.28,0.438,2.7034,187,0.85:2.00,2.36,,0.80:0.00,0,0,1.6
狼牙(R5),華館4,防御%+防御%+防御%,,11854,1072,18006,0.288,2.179648,0,0.77:1.54,2,,0.28:1.04,0,0,1.6
静水流転の輝き,華館4,防御%+岩バフ+防御%,,11832,1104,21709.28,0.288,2.18734,0,0.77:1.54,2,,0.72:0.16,0,0,1.6
シナバースピンドル(R5),華館4,防御%+防御%+防御%,,11809,1016,18006,0.288,1.605,0,0.55:1.10,2,,0.50:0.60,0,0,1.6
サーンドルの渡し守(R5),劇団4(控え),防御%+岩バフ+防御%,鍾離,11790,1072,18006,0.438,1.7938,0,0.63:1.26,2,,0.42:0.76,0,0,1.6
霧切(フル),華館4,防御%+元素熟知+会心ダメージ,鍾離,11757,1236,18006,0.838,2.330896,187,0.82:1.63,2,,0.77:0.07,0,0,1.6
霧切(フル),華館4,防御%+元素熟知+会心率,鍾離,11757,1236,18006,0.838,2.330896,187,0.82:1.63,2,,0.45:0.69,0,0,1.6
狼牙(R5),劇団4(控え),防御%+岩バフ+元素熟知,鍾離,11732,1072,18006,0.438,2.179648,187,0.77:1.54,2,,0.28:1.04,0,0,1.6
シナバースピンドル(R5),華館+劇団,防御%+防御%+会心ダメージ,,11721,1016,18006,0.288,1.995461,0,0.71:1.41,2,,0.66:0.29,0,0,1.6
シナバースピンドル(R5),華館+劇団,防御%+防御%+会心率,,11721,1016,18006,0.288,1.995461,0,0.71:1.41,2,,0.34:0.91,0,0,1.6
シナバースピンドル(R5),華館4,防御%+元素熟知+元素熟知,鍾離,11715,1016,18006,0.438,1.605,374,0.55:1.10,2,,0.50:0.60,0,0,1.6
狼牙(R5),華館+劇団,防御%+元素熟知+会心ダメージ,鍾離,11697,1072,18006,0.438,2.705704,187,0.92:1.85,2,,0.44:0.73,0,0,1.6
狼牙(R5),華館+劇団,防御%+元素熟知+会心率,鍾離,11697,1072,18006,0.438,2.705705,187,0.92:1.85,2,,0.13:1.35,0,0,1.6
腐植の剣(R5),劇団4(控え),防御%+岩バフ+会心ダメージ,鍾離,11691,1072,18006,0.438,2.171981,0,0.77:1.53,2,,0.60:0.41,0,0,1.6
腐植の剣(R5),劇団4(控え),防御%+岩バフ+会心率,鍾離,11691,1072,18006,0.438,2.171981,0,0.77:1.53,2,,0.28:1.03,0,0,1.6
有楽御簾切(効果二倍),劇団4(控え),防御%+元素熟知+防御%,,11660,1104,18006,0.288,2.18734,187,0.77:1.54,2,,0.72:0.16,0,0,1.6
静水流転の輝き,劇団4(控え),防御%+岩バフ+防御%,,11633,1104,21709.28,0.288,2.18734,0,0.77:1.54,2,,0.72:0.16,0,0,1.6
サーンドルの渡し守(R5),華館4,防御%+岩バフ+会心ダメージ,鍾離,11626,1072,18006,0.438,2.23402,0,0.79:1.57,2,,0.58:0.45,0,0,1.6
サーンドルの渡し守(R5),華館4,防御%+岩バフ+会心率,鍾離,11626,1072,18006,0.438,2.234021,0,0.79:1.57,2,,0.26:1.07,0,0,1.6
黎明の神剣(R5),華館4,防御%+元素熟知+会心ダメージ,鍾離,11624,963,18006,0.438,2.853775,187,0.96:1.93,2,,0.63:0.33,0,0,1.6
黎明の神剣(R5),華館4,防御%+元素熟知+会心率,鍾離,11624,963,18006,0.438,2.853775,187,0.96:1.93,2,,0.32:0.96,0,0,1.6
静水流転の輝き,華館4,防御%+防御%+会心率,,11622,1104,21709.28,0.288,2.714952,0,0.93:1.85,2,,0.57:0.47,0,0,1.6
狼牙(R5),華館+劇団,防御%+岩バフ+元素熟知,鍾離,11610,1072,18006,0.438,2.179648,187,0.77:1.54,2,,0.28:1.04,0,0,1.6
サーンドルの渡し守(R5),華館4,防御%+防御%+会心ダメージ,鍾離,11598,1072,18006,0.438,2.23402,0,0.79:1.57,2,,0.58:0.45,0,0,1.6
サーンドルの渡し守(R5),華館4,防御%+防御%+会心率,鍾離,11598,1072,18006,0.438,2.234021,0,0.79:1.57,2,,0.26:1.07,0,0,1.6
静水流転の輝き,華館4,防御%+防御%+会心ダメージ,,11573,1104,21709.28,0.288,2.7034,0,0.85:2.00,2.36,,0.80:0.00,0,0,1.6
腐植の剣(R5),華館+劇団,防御%+岩バフ+会心ダメージ,鍾離,11569,1072,18006,0.438,2.171981,0,0.77:1.53,2,,0.60:0.41,0,0,1.6
腐植の剣(R5),華館+劇団,防御%+岩バフ+会心率,鍾離,11569,1072,18006,0.438,2.171981,0,0.77:1.53,2,,0.28:1.03,0,0,1.6
霧切(フル),華館4,防御%+岩バフ+元素熟知,鍾離,11559,1236,18006,0.838,1.87186,187,0.66:1.32,2,,0.61:0.38,0,0,1.6
黎明の神剣(R5),劇団4(控え),防御%+防御%+防御%,,11547,963,18006,0.288,2.303305,0,0.81:1.61,2,,0.48:0.65,0,0,1.6
静水流転の輝き,華館4,防御%+岩バフ+会心率,,11522,1104,21709.28,0.288,2.714952,0,0.93:1.85,2,,0.57:0.47,0,0,1.6
静水流転の輝き,華館4,防御%+岩バフ+会心ダメージ,,11473,1104,21709.28,0.288,2.7034,0,0.85:2.00,2.36,,0.80:0.00,0,0,1.6
静水流転の輝き,劇団4(控え),防御%+岩バフ+元素熟知,鍾離,11457,1104,21709.28,0.438,2.18734,187,0.77:1.54,2,,0.72:0.16,0,0,1.6
有楽御簾切(効果二倍),華館4,防御%+元素熟知+防御%,,11421,1104,18006,0.288,2.18734,187,0.77:1.54,2,,0.72:0.16,0,0,1.6
静水流転の輝き,華館4,防御%+防御%+防御%,,11381,1104,21709.28,0.288,2.18734,0,0.77:1.54,2,,0.72:0.16,0,0,1.6
有楽御簾切(効果二倍),華館4,防御%+元素熟知+会心率,,11332,1104,18006,0.288,2.714952,187,0.93:1.85,2,,0.57:0.47,0,0,1.6
サーンドルの渡し守(R5),華館4,防御%+防御%+防御%,鍾離,11319,1072,18006,0.438,1.7938,0,0.63:1.26,2,,0.42:0.76,0,0,1.6
シナバースピンドル(R5),劇団4(控え),防御%+元素熟知+防御%,,11305,1016,18006,0.288,1.605,187,0.55:1.10,2,,0.50:0.60,0,0,1.6
黎明の神剣(R5),劇団4(控え),防御%+元素熟知+会心ダメージ,鍾離,11301,963,18006,0.438,2.853775,187,0.96:1.93,2,,0.63:0.33,0,0,1.6
黎明の神剣(R5),劇団4(控え),防御%+元素熟知+会心率,鍾離,11301,963,18006,0.438,2.853775,187,0.96:1.93,2,,0.32:0.96,0,0,1.6
有楽御簾切(効果二倍),華館+劇団,防御%+元素熟知+元素熟知,鍾離,11294,1104,18006,0.438,2.18734,374,0.77:1.54,2,,0.72:0.16,0,0,1.6
有楽御簾切(効果二倍),華館4,防御%+元素熟知+会心ダメージ,,11284,1104,18006,0.288,2.7034,187,0.85:2.00,2.36,,0.80:0.00,0,0,1.6
静水流転の輝き,華館+劇団,防御%+岩バフ+元素熟知,鍾離,11274,1104,21709.28,0.438,2.18734,187,0.77:1.54,2,,0.72:0.16,0,0,1.6
黎明の神剣(R5),劇団4(控え),防御%+防御%+会心ダメージ,,11272,963,18006,0.288,2.853775,0,0.96:1.93,2,,0.63:0.33,0,0,1.6
黎明の神剣(R5),劇団4(控え),防御%+防御%+会心率,,11272,963,18006,0.288,2.853775,0,0.96:1.93,2,,0.32:0.96,0,0,1.6
静水流転の輝き,華館+劇団,防御%+元素熟知+会心率,鍾離,11269,1104,21709.28,0.438,2.714952,187,0.93:1.85,2,,0.57:0.47,0,0,1.6
有楽御簾切(効果二倍),華館4,防御%+岩バフ+元素熟知,,11248,1104,18006,0.288,2.18734,187,0.77:1.54,2,,0.72:0.16,0,0,1.6
霧切(フル),劇団4(控え),防御%+防御%+防御%,,11225,1236,18006,0.688,1.87186,0,0.66:1.32,2,,0.61:0.38,0,0,1.6
静水流転の輝き,華館+劇団,防御%+元素熟知+会心ダメージ,鍾離,11221,1104,21709.28,0.438,2.7034,187,0.85:2.00,2.36,,0.80:0.00,0,0,1.6
シナバースピンドル(R5),劇団4(控え),防御%+元素熟知+会心ダメージ,,11186,1016,18006,0.288,1.995461,187,0.71:1.41,2,,0.66:0.29,0,0,1.6
シナバースピンドル(R5),劇団4(控え),防御%+元素熟知+会心率,,11186,1016,18006,0.288,1.995461,187,0.71:1.41,2,,0.34:0.91,0,0,1.6
黎明の神剣(R5),劇団4(控え),防御%+岩バフ+防御%,,11178,963,18006,0.288,2.303305,0,0.81:1.61,2,,0.48:0.65,0,0,1.6
狼牙(R5),華館+劇団,防御%+岩バフ+防御%,,11177,1072,18006,0.288,2.179648,0,0.77:1.54,2,,0.28:1.04,0,0,1.6
シナバースピンドル(R5),華館+劇団,防御%+防御%+防御%,,11169,1016,18006,0.288,1.605,0,0.55:1.10,2,,0.50:0.60,0,0,1.6
黎明の神剣(R5),華館4,防御%+岩バフ+防御%,,11121,963,18006,0.288,2.303305,0,0.81:1.61,2,,0.48:0.65,0,0,1.6
狼牙(R5),華館+劇団,防御%+防御%+会心ダメージ,,11093,1072,18006,0.288,2.705704,0,0.92:1.85,2,,0.44:0.73,0,0,1.6
狼牙(R5),華館+劇団,防御%+防御%+会心率,,11093,1072,18006,0.288,2.705705,0,0.92:1.85,2,,0.13:1.35,0,0,1.6
黎明の神剣(R5),劇団4(控え),防御%+岩バフ+元素熟知,鍾離,11064,963,18006,0.438,2.303305,187,0.81:1.61,2,,0.48:0.65,0,0,1.6
シナバースピンドル(R5),劇団4(控え),防御%+岩バフ+元素熟知,,11055,1016,18006,0.288,1.605,187,0.55:1.10,2,,0.50:0.60,0,0,1.6
狼牙(R5),華館+劇団,防御%+防御%+防御%,,11049,1072,18006,0.288,2.179648,0,0.77:1.54,2,,0.28:1.04,0,0,1.6
霧切(フル),華館+劇団,防御%+元素熟知+防御%,鍾離,11020,1236,18006,0.838,1.87186,187,0.66:1.32,2,,0.61:0.38,0,0,1.6
霧切(フル),劇団4(控え),防御%+防御%+会心ダメージ,,11014,1236,18006,0.688,2.330896,0,0.82:1.63,2,,0.77:0.07,0,0,1.6
霧切(フル),劇団4(控え),防御%+防御%+会心率,,11014,1236,18006,0.688,2.330896,0,0.82:1.63,2,,0.45:0.69,0,0,1.6
黎明の神剣(R5),華館+劇団,防御%+元素熟知+防御%,鍾離,10962,963,18006,0.438,2.303305,187,0.81:1.61,2,,0.48:0.65,0,0,1.6
霧切(フル),劇団4(控え),防御%+元素熟知+会心ダメージ,鍾離,10918,1236,18006,0.838,2.330896,187,0.82:1.63,2,,0.77:0.07,0,0,1.6
霧切(フル),劇団4(控え),防御%+元素熟知+会心率,鍾離,10918,1236,18006,0.838,2.330896,187,0.82:1.63,2,,0.45:0.69,0,0,1.6
有楽御簾切(効果二倍),劇団4(控え),防御%+元素熟知+会心率,,10907,1104,18006,0.288,2.714952,187,0.93:1.85,2,,0.57:0.47,0,0,1.6
サーンドルの渡し守(R5),華館+劇団,防御%+岩バフ+防御%,鍾離,10894,1072,18006,0.438,1.7938,0,0.63:1.26,2,,0.42:0.76,0,0,1.6
シナバースピンドル(R5),華館4,防御%+岩バフ+元素熟知,,10894,1016,18006,0.288,1.605,187,0.55:1.10,2,,0.50:0.60,0,0,1.6
霧切(フル),華館4,防御%+防御%+会心ダメージ,,10881,1236,18006,0.688,2.330896,0,0.82:1.63,2,,0.77:0.07,0,0,1.6
霧切(フル),華館4,防御%+防御%+会心率,,10881,1236,18006,0.688,2.330896,0,0.82:1.63,2,,0.45:0.69,0,0,1.6
有楽御簾切(効果二倍),劇団4(控え),防御%+元素熟知+会心ダメージ,,10860,1104,18006,0.288,2.7034,187,0.85:2.00,2.36,,0.80:0.00,0,0,1.6
霧切(フル),華館4,防御%+岩バフ+防御%,,10850,1236,18006,0.688,1.87186,0,0.66:1.32,2,,0.61:0.38,0,0,1.6
腐植の剣(R5),劇団4(控え),防御%+元素熟知+防御%,鍾離,10833,1072,18006,0.438,1.7442,187,0.61:1.22,2,,0.44:0.72,0,0,1.6
静水流転の輝き,華館+劇団,防御%+岩バフ+防御%,,10831,1104,21709.28,0.288,2.18734,0,0.77:1.54,2,,0.72:0.16,0,0,1.6
狼牙(R5),劇団4(控え),防御%+岩バフ+会心ダメージ,,10823,1072,18006,0.288,2.705704,0,0.92:1.85,2,,0.44:0.73,0,0,1.6
狼牙(R5),劇団4(控え),防御%+岩バフ+会心率,,10823,1072,18006,0.288,2.705705,0,0.92:1.85,2,,0.13:1.35,0,0,1.6
黎明の神剣(R5),華館4,防御%+岩バフ+会心ダメージ,,10810,963,18006,0.288,2.853775,0,0.96:1.93,2,,0.63:0.33,0,0,1.6
黎明の神剣(R5),華館4,防御%+岩バフ+会心率,,10810,963,18006,0.288,2.853775,0,0.96:1.93,2,,0.32:0.96,0,0,1.6
腐植の剣(R5),華館4,防御%+元素熟知+防御%,鍾離,10782,1072,18006,0.438,1.7442,187,0.61:1.22,2,,0.44:0.72,0,0,1.6
シナバースピンドル(R5),華館+劇団,防御%+元素熟知+元素熟知,鍾離,10779,1016,18006,0.438,1.605,374,0.55:1.10,2,,0.50:0.60,0,0,1.6
サーンドルの渡し守(R5),劇団4(控え),防御%+岩バフ+会心ダメージ,鍾離,10731,1072,18006,0.438,2.23402,0,0.79:1.57,2,,0.58:0.45,0,0,1.6
サーンドルの渡し守(R5),劇団4(控え),防御%+岩バフ+会心率,鍾離,10731,1072,18006,0.438,2.234021,0,0.79:1.57,2,,0.26:1.07,0,0,1.6
黎明の神剣(R5),華館+劇団,防御%+岩バフ+元素熟知,鍾離,10681,963,18006,0.438,2.303305,187,0.81:1.61,2,,0.48:0.65,0,0,1.6
静水流転の輝き,華館+劇団,防御%+防御%+会心率,,10651,1104,21709.28,0.288,2.714952,0,0.93:1.85,2,,0.57:0.47,0,0,1.6
サーンドルの渡し守(R5),華館+劇団,防御%+防御%+会心ダメージ,鍾離,10632,1072,18006,0.438,2.23402,0,0.79:1.57,2,,0.58:0.45,0,0,1.6
サーンドルの渡し守(R5),華館+劇団,防御%+防御%+会心率,鍾離,10632,1072,18006,0.438,2.234021,0,0.79:1.57,2,,0.26:1.07,0,0,1.6
霧切(フル),華館4,防御%+防御%+防御%,,10621,1236,18006,0.688,1.87186,0,0.66:1.32,2,,0.61:0.38,0,0,1.6
静水流転の輝き,華館+劇団,防御%+防御%+防御%,,10610,1104,21709.28,0.288,2.18734,0,0.77:1.54,2,,0.72:0.16,0,0,1.6
静水流転の輝き,華館+劇団,防御%+防御%+会心ダメージ,,10606,1104,21709.28,0.288,2.7034,0,0.85:2.00,2.36,,0.80:0.00,0,0,1.6
霧切(フル),華館4,防御%+岩バフ+会心ダメージ,,10600,1236,18006,0.688,2.330896,0,0.82:1.63,2,,0.77:0.07,0,0,1.6
霧切(フル),華館4,防御%+岩バフ+会心率,,10600,1236,18006,0.688,2.330896,0,0.82:1.63,2,,0.45:0.69,0,0,1.6
狼牙(R5),華館+劇団,防御%+岩バフ+会心ダメージ,,10595,1072,18006,0.288,2.705704,0,0.92:1.85,2,,0.44:0.73,0,0,1.6
狼牙(R5),華館+劇団,防御%+岩バフ+会心率,,10595,1072,18006,0.288,2.705705,0,0.92:1.85,2,,0.13:1.35,0,0,1.6
狼牙(R5),華館4,防御%+元素熟知+元素熟知,鍾離,10571,1072,18006,0.438,2.179648,374,0.77:1.54,2,,0.28:1.04,0,0,1.6
黎明の神剣(R5),華館4,防御%+防御%+会心ダメージ,,10558,963,18006,0.288,2.853775,0,0.96:1.93,2,,0.63:0.33,0,0,1.6
黎明の神剣(R5),華館4,防御%+防御%+会心率,,10558,963,18006,0.288,2.853775,0,0.96:1.93,2,,0.32:0.96,0,0,1.6
サーンドルの渡し守(R5),華館+劇団,防御%+防御%+防御%,鍾離,10556,1072,18006,0.438,1.7938,0,0.63:1.26,2,,0.42:0.76,0,0,1.6
静水流転の輝き,劇団4(控え),防御%+岩バフ+会心率,,10552,1104,21709.28,0.288,2.714952,0,0.93:1.85,2,,0.57:0.47,0,0,1.6
霧切(フル),劇団4(控え),防御%+岩バフ+防御%,,10535,1236,18006,0.688,1.87186,0,0.66:1.32,2,,0.61:0.38,0,0,1.6
腐植の剣(R5),華館4,防御%+元素熟知+会心ダメージ,鍾離,10534,1072,18006,0.438,2.171981,187,0.77:1.53,2,,0.60:0.41,0,0,1.6
腐植の剣(R5),華館4,防御%+元素熟知+会心率,鍾離,10534,1072,18006,0.438,2.171981,187,0.77:1.53,2,,0.28:1.03,0,0,1.6
有楽御簾切(効果二倍),華館+劇団,防御%+元素熟知+防御%,,10530,1104,18006,0.288,2.18734,187,0.77:1.54,2,,0.72:0.16,0,0,1.6
静水流転の輝き,劇団4(控え),防御%+岩バフ+会心ダメージ,,10507,1104,21709.28,0.288,2.7034,0,0.85:2.00,2.36,,0.80:0.00,0,0,1.6
霧切(フル),華館+劇団,防御%+元素熟知+会心ダメージ,鍾離,10478,1236,18006,0.838,2.330896,187,0.82:1.63,2,,0.77:0.07,0,0,1.6
霧切(フル),華館+劇団,防御%+元素熟知+会心率,鍾離,10478,1236,18006,0.838,2.330896,187,0.82:1.63,2,,0.45:0.69,0,0,1.6
腐植の剣(R5),華館4,防御%+岩バフ+元素熟知,鍾離,10432,1072,18006,0.438,1.7442,187,0.61:1.22,2,,0.44:0.72,0,0,1.6
有楽御簾切(効果二倍),劇団4(控え),防御%+岩バフ+元素熟知,,10413,1104,18006,0.288,2.18734,187,0.77:1.54,2,,0.72:0.16,0,0,1.6
シナバースピンドル(R5),華館4,防御%+元素熟知+会心ダメージ,,10379,1016,18006,0.288,1.995461,187,0.71:1.41,2,,0.66:0.29,0,0,1.6
シナバースピンドル(R5),華館4,防御%+元素熟知+会心率,,10379,1016,18006,0.288,1.995461,187,0.71:1.41,2,,0.34:0.91,0,0,1.6
黎明の神剣(R5),華館+劇団,防御%+元素熟知+会心ダメージ,鍾離,10371,963,18006,0.438,2.853775,187,0.96:1.93,2,,0.63:0.33,0,0,1.6
黎明の神剣(R5),華館+劇団,防御%+元素熟知+会心率,鍾離,10371,963,18006,0.438,2.853775,187,0.96:1.93,2,,0.32:0.96,0,0,1.6
サーンドルの渡し守(R5),華館+劇団,防御%+岩バフ+会心ダメージ,鍾離,10360,1072,18006,0.438,2.23402,0,0.79:1.57,2,,0.58:0.45,0,0,1.6
サーンドルの渡し守(R5),華館+劇団,防御%+岩バフ+会心率,鍾離,10360,1072,18006,0.438,2.234021,0,0.79:1.57,2,,0.26:1.07,0,0,1.6
黎明の神剣(R5),華館4,防御%+防御%+防御%,,10358,963,18006,0.288,2.303305,0,0.81:1.61,2,,0.48:0.65,0,0,1.6
霧切(フル),劇団4(控え),防御%+岩バフ+元素熟知,鍾離,10347,1236,18006,0.838,1.87186,187,0.66:1.32,2,,0.61:0.38,0,0,1.6
霧切(フル),華館+劇団,防御%+岩バフ+元素熟知,鍾離,10293,1236,18006,0.838,1.87186,187,0.66:1.32,2,,0.61:0.38,0,0,1.6
静水流転の輝き,華館+劇団,防御%+岩バフ+会心率,,10265,1104,21709.28,0.288,2.714952,0,0.93:1.85,2,,0.57:0.47,0,0,1.6
静水流転の輝き,華館+劇団,防御%+岩バフ+会心ダメージ,,10221,1104,21709.28,0.288,2.7034,0,0.85:2.00,2.36,,0.80:0.00,0,0,1.6
有楽御簾切(効果二倍),華館+劇団,防御%+元素熟知+会心率,,10212,1104,18006,0.288,2.714952,187,0.93:1.85,2,,0.57:0.47,0,0,1.6
黎明の神剣(R5),華館+劇団,防御%+岩バフ+防御%,,10185,963,18006,0.288,2.303305,0,0.81:1.61,2,,0.48:0.65,0,0,1.6
静水流転の輝き,華館4,防御%+元素熟知+元素熟知,鍾離,10183,1104,21709.28,0.438,2.18734,374,0.77:1.54,2,,0.72:0.16,0,0,1.6
有楽御簾切(効果二倍),華館+劇団,防御%+元素熟知+会心ダメージ,,10168,1104,18006,0.288,2.7034,187,0.85:2.00,2.36,,0.80:0.00,0,0,1.6
有楽御簾切(効果二倍),華館+劇団,防御%+岩バフ+元素熟知,,10127,1104,18006,0.288,2.18734,187,0.77:1.54,2,,0.72:0.16,0,0,1.6
黎明の神剣(R5),劇団4(控え),防御%+岩バフ+会心ダメージ,,10122,963,18006,0.288,2.853775,0,0.96:1.93,2,,0.63:0.33,0,0,1.6
黎明の神剣(R5),劇団4(控え),防御%+岩バフ+会心率,,10122,963,18006,0.288,2.853775,0,0.96:1.93,2,,0.32:0.96,0,0,1.6
腐植の剣(R5),劇団4(控え),防御%+防御%+防御%,,10117,1072,18006,0.288,1.7442,0,0.61:1.22,2,,0.44:0.72,0,0,1.6
シナバースピンドル(R5),華館4,防御%+元素熟知+防御%,,10079,1016,18006,0.288,1.605,187,0.55:1.10,2,,0.50:0.60,0,0,1.6
シナバースピンドル(R5),華館+劇団,防御%+岩バフ+元素熟知,,10015,1016,18006,0.288,1.605,187,0.55:1.10,2,,0.50:0.60,0,0,1.6
霧切(フル),華館+劇団,防御%+防御%+会心ダメージ,,9968,1236,18006,0.688,2.330896,0,0.82:1.63,2,,0.77:0.07,0,0,1.6
霧切(フル),華館+劇団,防御%+防御%+会心率,,9968,1236,18006,0.688,2.330896,0,0.82:1.63,2,,0.45:0.69,0,0,1.6
狼牙(R5),劇団4(控え),防御%+元素熟知+防御%,,9961,1072,18006,0.288,2.179648,187,0.77:1.54,2,,0.28:1.04,0,0,1.6
霧切(フル),華館+劇団,防御%+岩バフ+防御%,,9929,1236,18006,0.688,1.87186,0,0.66:1.32,2,,0.61:0.38,0,0,1.6
腐植の剣(R5),劇団4(控え),防御%+防御%+会心ダメージ,,9926,1072,18006,0.288,2.171981,0,0.77:1.53,2,,0.60:0.41,0,0,1.6
腐植の剣(R5),劇団4(控え),防御%+防御%+会心率,,9926,1072,18006,0.288,2.171981,0,0.77:1.53,2,,0.28:1.03,0,0,1.6
霧切(フル),華館+劇団,防御%+防御%+防御%,,9897,1236,18006,0.688,1.87186,0,0.66:1.32,2,,0.61:0.38,0,0,1.6
狼牙(R5),劇団4(控え),防御%+元素熟知+元素熟知,鍾離,9894,1072,18006,0.438,2.179648,374,0.77:1.54,2,,0.28:1.04,0,0,1.6
腐植の剣(R5),華館+劇団,防御%+元素熟知+防御%,鍾離,9875,1072,18006,0.438,1.7442,187,0.61:1.22,2,,0.44:0.72,0,0,1.6
腐植の剣(R5),劇団4(控え),防御%+元素熟知+会心ダメージ,鍾離,9859,1072,18006,0.438,2.171981,187,0.77:1.53,2,,0.60:0.41,0,0,1.6
腐植の剣(R5),劇団4(控え),防御%+元素熟知+会心率,鍾離,9859,1072,18006,0.438,2.171981,187,0.77:1.53,2,,0.28:1.03,0,0,1.6
腐植の剣(R5),華館4,防御%+岩バフ+防御%,,9773,1072,18006,0.288,1.7442,0,0.61:1.22,2,,0.44:0.72,0,0,1.6
狼牙(R5),華館4,防御%+元素熟知+防御%,,9753,1072,18006,0.288,2.179648,187,0.77:1.54,2,,0.28:1.04,0,0,1.6
サーンドルの渡し守(R5),劇団4(控え),防御%+元素熟知+防御%,鍾離,9720,1072,18006,0.438,1.7938,187,0.63:1.26,2,,0.42:0.76,0,0,1.6
腐植の剣(R5),華館4,防御%+防御%+会心ダメージ,,9719,1072,18006,0.288,2.171981,0,0.77:1.53,2,,0.60:0.41,0,0,1.6
腐植の剣(R5),華館4,防御%+防御%+会心率,,9719,1072,18006,0.288,2.171981,0,0.77:1.53,2,,0.28:1.03,0,0,1.6
黎明の神剣(R5),華館+劇団,防御%+防御%+会心ダメージ,,9685,963,18006,0.288,2.853775,0,0.96:1.93,2,,0.63:0.33,0,0,1.6
黎明の神剣(R5),華館+劇団,防御%+防御%+会心率,,9685,963,18006,0.288,2.853775,0,0.96:1.93,2,,0.32:0.96,0,0,1.6
黎明の神剣(R5),華館+劇団,防御%+防御%+防御%,,9665,963,18006,0.288,2.303305,0,0.81:1.61,2,,0.48:0.65,0,0,1.6
静水流転の輝き,劇団4(控え),防御%+元素熟知+防御%,,9657,1104,21709.28,0.288,2.18734,187,0.77:1.54,2,,0.72:0.16,0,0,1.6
黎明の神剣(R5),華館+劇団,防御%+岩バフ+会心ダメージ,,9636,963,18006,0.288,2.853775,0,0.96:1.93,2,,0.63:0.33,0,0,1.6
黎明の神剣(R5),華館+劇団,防御%+岩バフ+会心率,,9636,963,18006,0.288,2.853775,0,0.96:1.93,2,,0.32:0.96,0,0,1.6
静水流転の輝き,劇団4(控え),防御%+元素熟知+元素熟知,鍾離,9612,1104,21709.28,0.438,2.18734,374,0.77:1.54,2,,0.72:0.16,0,0,1.6
霧切(フル),劇団4(控え),防御%+岩バフ+会心ダメージ,,9588,1236,18006,0.688,2.330896,0,0.82:1.63,2,,0.77:0.07,0,0,1.6
霧切(フル),劇団4(控え),防御%+岩バフ+会心率,,9588,1236,18006,0.688,2.330896,0,0.82:1.63,2,,0.45:0.69,0,0,1.6
狼牙(R5),華館4,防御%+岩バフ+元素熟知,,9581,1072,18006,0.288,2.179648,187,0.77:1.54,2,,0.28:1.04,0,0,1.6
シナバースピンドル(R5),華館+劇団,防御%+元素熟知+会心ダメージ,,9556,1016,18006,0.288,1.995461,187,0.71:1.41,2,,0.66:0.29,0,0,1.6
シナバースピンドル(R5),華館+劇団,防御%+元素熟知+会心率,,9556,1016,18006,0.288,1.995461,187,0.71:1.41,2,,0.34:0.91,0,0,1.6
腐植の剣(R5),華館4,防御%+岩バフ+会心ダメージ,,9547,1072,18006,0.288,2.171981,0,0.77:1.53,2,,0.60:0.41,0,0,1.6
腐植の剣(R5),華館4,防御%+岩バフ+会心率,,9547,1072,18006,0.288,2.171981,0,0.77:1.53,2,,0.28:1.03,0,0,1.6
腐植の剣(R5),劇団4(控え),防御%+岩バフ+防御%,,9546,1072,18006,0.288,1.7442,0,0.61:1.22,2,,0.44:0.72,0,0,1.6
狼牙(R5),華館4,防御%+元素熟知+会心ダメージ,,9498,1072,18006,0.288,2.705704,187,0.92:1.85,2,,0.44:0.73,0,0,1.6
狼牙(R5),華館4,防御%+元素熟知+会心率,,9498,1072,18006,0.288,2.705705,187,0.92:1.85,2,,0.13:1.35,0,0,1.6
腐植の剣(R5),華館4,防御%+防御%+防御%,,9486,1072,18006,0.288,1.7442,0,0.61:1.22,2,,0.44:0.72,0,0,1.6
霧切(フル),華館4,防御%+元素熟知+元素熟知,鍾離,9442,1236,18006,0.838,1.87186,374,0.66:1.32,2,,0.61:0.38,0,0,1.6
霧切(フル),華館+劇団,防御%+岩バフ+会心ダメージ,,9441,1236,18006,0.688,2.330896,0,0.82:1.63,2,,0.77:0.07,0,0,1.6
霧切(フル),華館+劇団,防御%+岩バフ+会心率,,9441,1236,18006,0.688,2.330896,0,0.82:1.63,2,,0.45:0.69,0,0,1.6
シナバースピンドル(R5),華館+劇団,防御%+元素熟知+防御%,,9428,1016,18006,0.288,1.605,187,0.55:1.10,2,,0.50:0.60,0,0,1.6
狼牙(R5),華館+劇団,防御%+元素熟知+元素熟知,鍾離,9423,1072,18006,0.438,2.179648,374,0.77:1.54,2,,0.28:1.04,0,0,1.6
腐植の剣(R5),華館+劇団,防御%+元素熟知+会心ダメージ,鍾離,9390,1072,18006,0.438,2.171981,187,0.77:1.53,2,,0.60:0.41,0,0,1.6
腐植の剣(R5),華館+劇団,防御%+元素熟知+会心率,鍾離,9390,1072,18006,0.438,2.171981,187,0.77:1.53,2,,0.28:1.03,0,0,1.6
腐植の剣(R5),劇団4(控え),防御%+岩バフ+元素熟知,鍾離,9388,1072,18006,0.438,1.7442,187,0.61:1.22,2,,0.44:0.72,0,0,1.6
黎明の神剣(R5),華館4,防御%+元素熟知+元素熟知,鍾離,9381,963,18006,0.438,2.303305,374,0.81:1.61,2,,0.48:0.65,0,0,1.6
静水流転の輝き,華館4,防御%+元素熟知+防御%,,9364,1104,21709.28,0.288,2.18734,187,0.77:1.54,2,,0.72:0.16,0,0,1.6
サーンドルの渡し守(R5),華館4,防御%+岩バフ+元素熟知,鍾離,9335,1072,18006,0.438,1.7938,187,0.63:1.26,2,,0.42:0.76,0,0,1.6
サーンドルの渡し守(R5),華館4,防御%+元素熟知+防御%,鍾離,9313,1072,18006,0.438,1.7938,187,0.63:1.26,2,,0.42:0.76,0,0,1.6
腐植の剣(R5),華館+劇団,防御%+岩バフ+元素熟知,鍾離,9290,1072,18006,0.438,1.7442,187,0.61:1.22,2,,0.44:0.72,0,0,1.6
静水流転の輝き,華館4,防御%+岩バフ+元素熟知,,9283,1104,21709.28,0.288,2.18734,187,0.77:1.54,2,,0.72:0.16,0,0,1.6
有楽御簾切(効果二倍),華館4,防御%+元素熟知+元素熟知,,9130,1104,18006,0.288,2.18734,374,0.77:1.54,2,,0.72:0.16,0,0,1.6
黎明の神剣(R5),劇団4(控え),防御%+元素熟知+元素熟知,鍾離,9121,963,18006,0.438,2.303305,374,0.81:1.61,2,,0.48:0.65,0,0,1.6
静水流転の輝き,華館4,防御%+元素熟知+会心率,,9118,1104,21709.28,0.288,2.714952,187,0.93:1.85,2,,0.57:0.47,0,0,1.6
サーンドルの渡し守(R5),華館4,防御%+元素熟知+会心ダメージ,鍾離,9099,1072,18006,0.438,2.23402,187,0.79:1.57,2,,0.58:0.45,0,0,1.6
サーンドルの渡し守(R5),華館4,防御%+元素熟知+会心率,鍾離,9099,1072,18006,0.438,2.234021,187,0.79:1.57,2,,0.26:1.07,0,0,1.6
黎明の神剣(R5),劇団4(控え),防御%+元素熟知+防御%,,9098,963,18006,0.288,2.303305,187,0.81:1.61,2,,0.48:0.65,0,0,1.6
静水流転の輝き,華館4,防御%+元素熟知+会心ダメージ,,9079,1104,21709.28,0.288,2.7034,187,0.85:2.00,2.36,,0.80:0.00,0,0,1.6
静水流転の輝き,華館+劇団,防御%+元素熟知+元素熟知,鍾離,9079,1104,21709.28,0.438,2.18734,374,0.77:1.54,2,,0.72:0.16,0,0,1.6
狼牙(R5),劇団4(控え),防御%+元素熟知+会心ダメージ,,9037,1072,18006,0.288,2.705704,187,0.92:1.85,2,,0.44:0.73,0,0,1.6
狼牙(R5),劇団4(控え),防御%+元素熟知+会心率,,9037,1072,18006,0.288,2.705705,187,0.92:1.85,2,,0.13:1.35,0,0,1.6
シナバースピンドル(R5),劇団4(控え),防御%+元素熟知+元素熟知,,8997,1016,18006,0.288,1.605,374,0.55:1.10,2,,0.50:0.60,0,0,1.6
サーンドルの渡し守(R5),劇団4(控え),防御%+防御%+防御%,,8992,1072,18006,0.288,1.7938,0,0.63:1.26,2,,0.42:0.76,0,0,1.6
腐植の剣(R5),華館+劇団,防御%+岩バフ+防御%,,8944,1072,18006,0.288,1.7442,0,0.61:1.22,2,,0.44:0.72,0,0,1.6
狼牙(R5),華館+劇団,防御%+元素熟知+防御%,,8936,1072,18006,0.288,2.179648,187,0.77:1.54,2,,0.28:1.04,0,0,1.6
腐植の剣(R5),華館+劇団,防御%+防御%+会心ダメージ,,8905,1072,18006,0.288,2.171981,0,0.77:1.53,2,,0.60:0.41,0,0,1.6
腐植の剣(R5),華館+劇団,防御%+防御%+会心率,,8905,1072,18006,0.288,2.171981,0,0.77:1.53,2,,0.28:1.03,0,0,1.6
サーンドルの渡し守(R5),劇団4(控え),防御%+元素熟知+会心ダメージ,鍾離,8847,1072,18006,0.438,2.23402,187,0.79:1.57,2,,0.58:0.45,0,0,1.6
サーンドルの渡し守(R5),劇団4(控え),防御%+元素熟知+会心率,鍾離,8847,1072,18006,0.438,2.234021,187,0.79:1.57,2,,0.26:1.07,0,0,1.6
霧切(フル),劇団4(控え),防御%+元素熟知+防御%,,8845,1236,18006,0.688,1.87186,187,0.66:1.32,2,,0.61:0.38,0,0,1.6
腐植の剣(R5),華館+劇団,防御%+防御%+防御%,,8841,1072,18006,0.288,1.7442,0,0.61:1.22,2,,0.44:0.72,0,0,1.6
サーンドルの渡し守(R5),劇団4(控え),防御%+防御%+会心ダメージ,,8824,1072,18006,0.288,2.23402,0,0.79:1.57,2,,0.58:0.45,0,0,1.6
サーンドルの渡し守(R5),劇団4(控え),防御%+防御%+会心率,,8824,1072,18006,0.288,2.234021,0,0.79:1.57,2,,0.26:1.07,0,0,1.6
有楽御簾切(効果二倍),劇団4(控え),防御%+元素熟知+元素熟知,,8787,1104,18006,0.288,2.18734,374,0.77:1.54,2,,0.72:0.16,0,0,1.6
霧切(フル),劇団4(控え),防御%+元素熟知+元素熟知,鍾離,8768,1236,18006,0.838,1.87186,374,0.66:1.32,2,,0.61:0.38,0,0,1.6
静水流転の輝き,劇団4(控え),防御%+元素熟知+会心率,,8760,1104,21709.28,0.288,2.714952,187,0.93:1.85,2,,0.57:0.47,0,0,1.6
霧切(フル),華館4,防御%+元素熟知+防御%,,8738,1236,18006,0.688,1.87186,187,0.66:1.32,2,,0.61:0.38,0,0,1.6
黎明の神剣(R5),華館4,防御%+岩バフ+元素熟知,,8725,963,18006,0.288,2.303305,187,0.81:1.61,2,,0.48:0.65,0,0,1.6
静水流転の輝き,劇団4(控え),防御%+元素熟知+会心ダメージ,,8723,1104,21709.28,0.288,2.7034,187,0.85:2.00,2.36,,0.80:0.00,0,0,1.6
狼牙(R5),劇団4(控え),防御%+岩バフ+元素熟知,,8719,1072,18006,0.288,2.179648,187,0.77:1.54,2,,0.28:1.04,0,0,1.6
サーンドルの渡し守(R5),劇団4(控え),防御%+岩バフ+防御%,,8705,1072,18006,0.288,1.7938,0,0.63:1.26,2,,0.42:0.76,0,0,1.6
腐植の剣(R5),劇団4(控え),防御%+岩バフ+会心ダメージ,,8688,1072,18006,0.288,2.171981,0,0.77:1.53,2,,0.60:0.41,0,0,1.6
腐植の剣(R5),劇団4(控え),防御%+岩バフ+会心率,,8688,1072,18006,0.288,2.171981,0,0.77:1.53,2,,0.28:1.03,0,0,1.6
サーンドルの渡し守(R5),華館4,防御%+岩バフ+防御%,,8661,1072,18006,0.288,1.7938,0,0.63:1.26,2,,0.42:0.76,0,0,1.6
サーンドルの渡し守(R5),劇団4(控え),防御%+岩バフ+元素熟知,鍾離,8616,1072,18006,0.438,1.7938,187,0.63:1.26,2,,0.42:0.76,0,0,1.6
静水流転の輝き,華館+劇団,防御%+元素熟知+防御%,,8581,1104,21709.28,0.288,2.18734,187,0.77:1.54,2,,0.72:0.16,0,0,1.6
サーンドルの渡し守(R5),華館+劇団,防御%+元素熟知+防御%,鍾離,8537,1072,18006,0.438,1.7938,187,0.63:1.26,2,,0.42:0.76,0,0,1.6
霧切(フル),華館4,防御%+元素熟知+会心ダメージ,,8537,1236,18006,0.688,2.330896,187,0.82:1.63,2,,0.77:0.07,0,0,1.6
霧切(フル),華館4,防御%+元素熟知+会心率,,8537,1236,18006,0.688,2.330896,187,0.82:1.63,2,,0.45:0.69,0,0,1.6
狼牙(R5),華館+劇団,防御%+岩バフ+元素熟知,,8535,1072,18006,0.288,2.179648,187,0.77:1.54,2,,0.28:1.04,0,0,1.6
黎明の神剣(R5),華館4,防御%+元素熟知+防御%,,8522,963,18006,0.288,2.303305,187,0.81:1.61,2,,0.48:0.65,0,0,1.6
霧切(フル),華館4,防御%+岩バフ+元素熟知,,8513,1236,18006,0.688,1.87186,187,0.66:1.32,2,,0.61:0.38,0,0,1.6
腐植の剣(R5),華館+劇団,防御%+岩バフ+会心ダメージ,,8505,1072,18006,0.288,2.171981,0,0.77:1.53,2,,0.60:0.41,0,0,1.6
腐植の剣(R5),華館+劇団,防御%+岩バフ+会心率,,8505,1072,18006,0.288,2.171981,0,0.77:1.53,2,,0.28:1.03,0,0,1.6
静水流転の輝き,劇団4(控え),防御%+岩バフ+元素熟知,,8502,1104,21709.28,0.288,2.18734,187,0.77:1.54,2,,0.72:0.16,0,0,1.6
狼牙(R5),華館+劇団,防御%+元素熟知+会心ダメージ,,8470,1072,18006,0.288,2.705704,187,0.92:1.85,2,,0.44:0.73,0,0,1.6
狼牙(R5),華館+劇団,防御%+元素熟知+会心率,,8470,1072,18006,0.288,2.705705,187,0.92:1.85,2,,0.13:1.35,0,0,1.6
サーンドルの渡し守(R5),華館4,防御%+岩バフ+会心ダメージ,,8462,1072,18006,0.288,2.23402,0,0.79:1.57,2,,0.58:0.45,0,0,1.6
サーンドルの渡し守(R5),華館4,防御%+岩バフ+会心率,,8462,1072,18006,0.288,2.234021,0,0.79:1.57,2,,0.26:1.07,0,0,1.6
腐植の剣(R5),華館4,防御%+元素熟知+元素熟知,鍾離,8459,1072,18006,0.438,1.7442,374,0.61:1.22,2,,0.44:0.72,0,0,1.6
霧切(フル),華館+劇団,防御%+元素熟知+元素熟知,鍾離,8414,1236,18006,0.838,1.87186,374,0.66:1.32,2,,0.61:0.38,0,0,1.6
黎明の神剣(R5),華館+劇団,防御%+元素熟知+元素熟知,鍾離,8370,963,18006,0.438,2.303305,374,0.81:1.61,2,,0.48:0.65,0,0,1.6
シナバースピンドル(R5),華館4,防御%+元素熟知+元素熟知,,8348,1016,18006,0.288,1.605,374,0.55:1.10,2,,0.50:0.60,0,0,1.6
サーンドルの渡し守(R5),華館+劇団,防御%+岩バフ+元素熟知,鍾離,8318,1072,18006,0.438,1.7938,187,0.63:1.26,2,,0.42:0.76,0,0,1.6
黎明の神剣(R5),華館4,防御%+元素熟知+会心ダメージ,,8283,963,18006,0.288,2.853775,187,0.96:1.93,2,,0.63:0.33,0,0,1.6
黎明の神剣(R5),華館4,防御%+元素熟知+会心率,,8283,963,18006,0.288,2.853775,187,0.96:1.93,2,,0.32:0.96,0,0,1.6
静水流転の輝き,華館+劇団,防御%+岩バフ+元素熟知,,8270,1104,21709.28,0.288,2.18734,187,0.77:1.54,2,,0.72:0.16,0,0,1.6
サーンドルの渡し守(R5),華館4,防御%+防御%+会心ダメージ,,8265,1072,18006,0.288,2.23402,0,0.79:1.57,2,,0.58:0.45,0,0,1.6
サーンドルの渡し守(R5),華館4,防御%+防御%+会心率,,8265,1072,18006,0.288,2.234021,0,0.79:1.57,2,,0.26:1.07,0,0,1.6
黎明の神剣(R5),劇団4(控え),防御%+元素熟知+会心ダメージ,,8238,963,18006,0.288,2.853775,187,0.96:1.93,2,,0.63:0.33,0,0,1.6
黎明の神剣(R5),劇団4(控え),防御%+元素熟知+会心率,,8238,963,18006,0.288,2.853775,187,0.96:1.93,2,,0.32:0.96,0,0,1.6
有楽御簾切(効果二倍),華館+劇団,防御%+元素熟知+元素熟知,,8227,1104,18006,0.288,2.18734,374,0.77:1.54,2,,0.72:0.16,0,0,1.6
黎明の神剣(R5),劇団4(控え),防御%+岩バフ+元素熟知,,8169,963,18006,0.288,2.303305,187,0.81:1.61,2,,0.48:0.65,0,0,1.6
静水流転の輝き,華館+劇団,防御%+元素熟知+会心率,,8133,1104,21709.28,0.288,2.714952,187,0.93:1.85,2,,0.57:0.47,0,0,1.6
サーンドルの渡し守(R5),華館+劇団,防御%+元素熟知+会心ダメージ,鍾離,8119,1072,18006,0.438,2.23402,187,0.79:1.57,2,,0.58:0.45,0,0,1.6
サーンドルの渡し守(R5),華館+劇団,防御%+元素熟知+会心率,鍾離,8119,1072,18006,0.438,2.234021,187,0.79:1.57,2,,0.26:1.07,0,0,1.6
静水流転の輝き,華館+劇団,防御%+元素熟知+会心ダメージ,,8099,1104,21709.28,0.288,2.7034,187,0.85:2.00,2.36,,0.80:0.00,0,0,1.6
サーンドルの渡し守(R5),華館4,防御%+防御%+防御%,,8066,1072,18006,0.288,1.7938,0,0.63:1.26,2,,0.42:0.76,0,0,1.6
霧切(フル),劇団4(控え),防御%+元素熟知+会心ダメージ,,8049,1236,18006,0.688,2.330896,187,0.82:1.63,2,,0.77:0.07,0,0,1.6
霧切(フル),劇団4(控え),防御%+元素熟知+会心率,,8049,1236,18006,0.688,2.330896,187,0.82:1.63,2,,0.45:0.69,0,0,1.6
霧切(フル),華館+劇団,防御%+元素熟知+防御%,,8005,1236,18006,0.688,1.87186,187,0.66:1.32,2,,0.61:0.38,0,0,1.6
腐植の剣(R5),劇団4(控え),防御%+元素熟知+防御%,,7971,1072,18006,0.288,1.7442,187,0.61:1.22,2,,0.44:0.72,0,0,1.6
サーンドルの渡し守(R5),華館+劇団,防御%+岩バフ+防御%,,7932,1072,18006,0.288,1.7938,0,0.63:1.26,2,,0.42:0.76,0,0,1.6
サーンドルの渡し守(R5),劇団4(控え),防御%+岩バフ+会心ダメージ,,7924,1072,18006,0.288,2.23402,0,0.79:1.57,2,,0.58:0.45,0,0,1.6
サーンドルの渡し守(R5),劇団4(控え),防御%+岩バフ+会心率,,7924,1072,18006,0.288,2.234021,0,0.79:1.57,2,,0.26:1.07,0,0,1.6
腐植の剣(R5),劇団4(控え),防御%+元素熟知+元素熟知,鍾離,7917,1072,18006,0.438,1.7442,374,0.61:1.22,2,,0.44:0.72,0,0,1.6
黎明の神剣(R5),華館+劇団,防御%+元素熟知+防御%,,7817,963,18006,0.288,2.303305,187,0.81:1.61,2,,0.48:0.65,0,0,1.6
腐植の剣(R5),華館4,防御%+元素熟知+防御%,,7804,1072,18006,0.288,1.7442,187,0.61:1.22,2,,0.44:0.72,0,0,1.6
黎明の神剣(R5),華館+劇団,防御%+岩バフ+元素熟知,,7777,963,18006,0.288,2.303305,187,0.81:1.61,2,,0.48:0.65,0,0,1.6
霧切(フル),劇団4(控え),防御%+岩バフ+元素熟知,,7700,1236,18006,0.688,1.87186,187,0.66:1.32,2,,0.61:0.38,0,0,1.6
シナバースピンドル(R5),華館+劇団,防御%+元素熟知+元素熟知,,7686,1016,18006,0.288,1.605,374,0.55:1.10,2,,0.50:0.60,0,0,1.6
腐植の剣(R5),華館4,防御%+岩バフ+元素熟知,,7667,1072,18006,0.288,1.7442,187,0.61:1.22,2,,0.44:0.72,0,0,1.6
狼牙(R5),華館4,防御%+元素熟知+元素熟知,,7652,1072,18006,0.288,2.179648,374,0.77:1.54,2,,0.28:1.04,0,0,1.6
腐植の剣(R5),華館4,防御%+元素熟知+会心ダメージ,,7625,1072,18006,0.288,2.171981,187,0.77:1.53,2,,0.60:0.41,0,0,1.6
腐植の剣(R5),華館4,防御%+元素熟知+会心率,,7625,1072,18006,0.288,2.171981,187,0.77:1.53,2,,0.28:1.03,0,0,1.6
霧切(フル),華館+劇団,防御%+元素熟知+会心ダメージ,,7611,1236,18006,0.688,2.330896,187,0.82:1.63,2,,0.77:0.07,0,0,1.6
霧切(フル),華館+劇団,防御%+元素熟知+会心率,,7611,1236,18006,0.688,2.330896,187,0.82:1.63,2,,0.45:0.69,0,0,1.6
霧切(フル),華館+劇団,防御%+岩バフ+元素熟知,,7582,1236,18006,0.688,1.87186,187,0.66:1.32,2,,0.61:0.38,0,0,1.6
サーンドルの渡し守(R5),華館+劇団,防御%+防御%+会心ダメージ,,7581,1072,18006,0.288,2.23402,0,0.79:1.57,2,,0.58:0.45,0,0,1.6
サーンドルの渡し守(R5),華館+劇団,防御%+防御%+会心率,,7581,1072,18006,0.288,2.234021,0,0.79:1.57,2,,0.26:1.07,0,0,1.6
サーンドルの渡し守(R5),華館+劇団,防御%+岩バフ+会心ダメージ,,7543,1072,18006,0.288,2.23402,0,0.79:1.57,2,,0.58:0.45,0,0,1.6
サーンドルの渡し守(R5),華館+劇団,防御%+岩バフ+会心率,,7543,1072,18006,0.288,2.234021,0,0.79:1.57,2,,0.26:1.07,0,0,1.6
腐植の剣(R5),華館+劇団,防御%+元素熟知+元素熟知,鍾離,7540,1072,18006,0.438,1.7442,374,0.61:1.22,2,,0.44:0.72,0,0,1.6
サーンドルの渡し守(R5),華館+劇団,防御%+防御%+防御%,,7527,1072,18006,0.288,1.7938,0,0.63:1.26,2,,0.42:0.76,0,0,1.6
黎明の神剣(R5),華館+劇団,防御%+元素熟知+会心ダメージ,,7395,963,18006,0.288,2.853775,187,0.96:1.93,2,,0.63:0.33,0,0,1.6
黎明の神剣(R5),華館+劇団,防御%+元素熟知+会心率,,7395,963,18006,0.288,2.853775,187,0.96:1.93,2,,0.32:0.96,0,0,1.6
静水流転の輝き,華館4,防御%+元素熟知+元素熟知,,7346,1104,21709.28,0.288,2.18734,374,0.77:1.54,2,,0.72:0.16,0,0,1.6
サーンドルの渡し守(R5),華館4,防御%+元素熟知+元素熟知,鍾離,7306,1072,18006,0.438,1.7938,374,0.63:1.26,2,,0.42:0.76,0,0,1.6
狼牙(R5),劇団4(控え),防御%+元素熟知+元素熟知,,7280,1072,18006,0.288,2.179648,374,0.77:1.54,2,,0.28:1.04,0,0,1.6
腐植の剣(R5),劇団4(控え),防御%+元素熟知+会心ダメージ,,7254,1072,18006,0.288,2.171981,187,0.77:1.53,2,,0.60:0.41,0,0,1.6
腐植の剣(R5),劇団4(控え),防御%+元素熟知+会心率,,7254,1072,18006,0.288,2.171981,187,0.77:1.53,2,,0.28:1.03,0,0,1.6
腐植の剣(R5),華館+劇団,防御%+元素熟知+防御%,,7151,1072,18006,0.288,1.7442,187,0.61:1.22,2,,0.44:0.72,0,0,1.6
サーンドルの渡し守(R5),劇団4(控え),防御%+元素熟知+元素熟知,鍾離,7103,1072,18006,0.438,1.7938,374,0.63:1.26,2,,0.42:0.76,0,0,1.6
サーンドルの渡し守(R5),劇団4(控え),防御%+元素熟知+防御%,,7085,1072,18006,0.288,1.7938,187,0.63:1.26,2,,0.42:0.76,0,0,1.6
静水流転の輝き,劇団4(控え),防御%+元素熟知+元素熟知,,7058,1104,21709.28,0.288,2.18734,374,0.77:1.54,2,,0.72:0.16,0,0,1.6
腐植の剣(R5),劇団4(控え),防御%+岩バフ+元素熟知,,6977,1072,18006,0.288,1.7442,187,0.61:1.22,2,,0.44:0.72,0,0,1.6
霧切(フル),華館4,防御%+元素熟知+元素熟知,,6856,1236,18006,0.688,1.87186,374,0.66:1.32,2,,0.61:0.38,0,0,1.6
腐植の剣(R5),華館+劇団,防御%+岩バフ+元素熟知,,6830,1072,18006,0.288,1.7442,187,0.61:1.22,2,,0.44:0.72,0,0,1.6
狼牙(R5),華館+劇団,防御%+元素熟知+元素熟知,,6823,1072,18006,0.288,2.179648,374,0.77:1.54,2,,0.28:1.04,0,0,1.6
腐植の剣(R5),華館+劇団,防御%+元素熟知+会心ダメージ,,6799,1072,18006,0.288,2.171981,187,0.77:1.53,2,,0.60:0.41,0,0,1.6
腐植の剣(R5),華館+劇団,防御%+元素熟知+会心率,,6799,1072,18006,0.288,2.171981,187,0.77:1.53,2,,0.28:1.03,0,0,1.6
サーンドルの渡し守(R5),華館4,防御%+岩バフ+元素熟知,,6795,1072,18006,0.288,1.7938,187,0.63:1.26,2,,0.42:0.76,0,0,1.6
黎明の神剣(R5),華館4,防御%+元素熟知+元素熟知,,6686,963,18006,0.288,2.303305,374,0.81:1.61,2,,0.48:0.65,0,0,1.6
黎明の神剣(R5),劇団4(控え),防御%+元素熟知+元素熟知,,6649,963,18006,0.288,2.303305,374,0.81:1.61,2,,0.48:0.65,0,0,1.6
サーンドルの渡し守(R5),華館4,防御%+元素熟知+防御%,,6636,1072,18006,0.288,1.7938,187,0.63:1.26,2,,0.42:0.76,0,0,1.6
静水流転の輝き,華館+劇団,防御%+元素熟知+元素熟知,,6553,1104,21709.28,0.288,2.18734,374,0.77:1.54,2,,0.72:0.16,0,0,1.6
サーンドルの渡し守(R5),華館+劇団,防御%+元素熟知+元素熟知,鍾離,6519,1072,18006,0.438,1.7938,374,0.63:1.26,2,,0.42:0.76,0,0,1.6
サーンドルの渡し守(R5),華館4,防御%+元素熟知+会心ダメージ,,6484,1072,18006,0.288,2.23402,187,0.79:1.57,2,,0.58:0.45,0,0,1.6
サーンドルの渡し守(R5),華館4,防御%+元素熟知+会心率,,6484,1072,18006,0.288,2.234021,187,0.79:1.57,2,,0.26:1.07,0,0,1.6
霧切(フル),劇団4(控え),防御%+元素熟知+元素熟知,,6464,1236,18006,0.688,1.87186,374,0.66:1.32,2,,0.61:0.38,0,0,1.6
サーンドルの渡し守(R5),劇団4(控え),防御%+元素熟知+会心ダメージ,,6449,1072,18006,0.288,2.23402,187,0.79:1.57,2,,0.58:0.45,0,0,1.6
サーンドルの渡し守(R5),劇団4(控え),防御%+元素熟知+会心率,,6449,1072,18006,0.288,2.234021,187,0.79:1.57,2,,0.26:1.07,0,0,1.6
サーンドルの渡し守(R5),劇団4(控え),防御%+岩バフ+元素熟知,,6362,1072,18006,0.288,1.7938,187,0.63:1.26,2,,0.42:0.76,0,0,1.6
腐植の剣(R5),華館4,防御%+元素熟知+元素熟知,,6123,1072,18006,0.288,1.7442,374,0.61:1.22,2,,0.44:0.72,0,0,1.6
霧切(フル),華館+劇団,防御%+元素熟知+元素熟知,,6112,1236,18006,0.688,1.87186,374,0.66:1.32,2,,0.61:0.38,0,0,1.6
サーンドルの渡し守(R5),華館+劇団,防御%+元素熟知+防御%,,6087,1072,18006,0.288,1.7938,187,0.63:1.26,2,,0.42:0.76,0,0,1.6
サーンドルの渡し守(R5),華館+劇団,防御%+岩バフ+元素熟知,,6057,1072,18006,0.288,1.7938,187,0.63:1.26,2,,0.42:0.76,0,0,1.6
黎明の神剣(R5),華館+劇団,防御%+元素熟知+元素熟知,,5968,963,18006,0.288,2.303305,374,0.81:1.61,2,,0.48:0.65,0,0,1.6
腐植の剣(R5),劇団4(控え),防御%+元素熟知+元素熟知,,5825,1072,18006,0.288,1.7442,374,0.61:1.22,2,,0.44:0.72,0,0,1.6
サーンドルの渡し守(R5),華館+劇団,防御%+元素熟知+会心ダメージ,,5789,1072,18006,0.288,2.23402,187,0.79:1.57,2,,0.58:0.45,0,0,1.6
サーンドルの渡し守(R5),華館+劇団,防御%+元素熟知+会心率,,5789,1072,18006,0.288,2.234021,187,0.79:1.57,2,,0.26:1.07,0,0,1.6
腐植の剣(R5),華館+劇団,防御%+元素熟知+元素熟知,,5460,1072,18006,0.288,1.7442,374,0.61:1.22,2,,0.44:0.72,0,0,1.6
サーンドルの渡し守(R5),華館4,防御%+元素熟知+元素熟知,,5207,1072,18006,0.288,1.7938,374,0.63:1.26,2,,0.42:0.76,0,0,1.6
サーンドルの渡し守(R5),劇団4(控え),防御%+元素熟知+元素熟知,,5178,1072,18006,0.288,1.7938,374,0.63:1.26,2,,0.42:0.76,0,0,1.6
サーンドルの渡し守(R5),華館+劇団,防御%+元素熟知+元素熟知,,4648,1072,18006,0.288,1.7938,374,0.63:1.26,2,,0.42:0.76,0,0,1.6
