武器,聖遺物セット,聖遺物メイン,バフキャラ,爆発一発目期待値,爆発通常合計期待値,願力,爆発一発目倍率アップ,爆発通常倍率アップ,元チャ,100%以上の元チャ[%],天賦の雷バフ,草薙攻撃力%,絶縁爆発バフ,攻撃力,加算,バフ合計,バフ共通,元素バフ,バフ爆発,耐性ダウン,パーティ元素,耐性ダウン計算後,熟知,率ダメ,サブステ,スコア
草薙の稲光,絶縁4,攻撃%+雷バフ+会心率,ベネット(西風、旧貴族)+香菱(6凸)+夜蘭(終焉、9秒平均),9438021,10571970,42,2.94,0.5502,2.371,137.1,0.5484,0.38388,0.59275,3668,0,2.06715,0.19,1.0144,0.86275,0,Pyro:2、Hydro:1、Electro:1、,0.45,100,0.56:1.11,0.19:0.61,1
草薙の稲光,絶縁4,攻撃%+雷バフ+会心ダメージ,ベネット(西風、旧貴族)+香菱(6凸)+夜蘭(終焉、9秒平均),9413600,10544540,42,2.94,0.5502,2.371,137.1,0.5484,0.38388,0.59275,3668,0,2.06715,0.19,1.0144,0.86275,0,Pyro:2、Hydro:1、Electro:1、,0.45,100,0.55:1.12,0.50:0.00,1
草薙の稲光,絶縁4,元チャ+雷バフ+会心率,ベネット(西風、旧貴族)+香菱(6凸)+夜蘭(終焉、9秒平均),9166921,10267090,42,2.94,0.5502,2.889,188.9,0.7556,0.52892,0.72225,3365,0,2.40385,0.19,1.2216,0.99225,0,Pyro:2、Hydro:1、Electro:1、,0.45,100,0.56:1.11,0.19:0.61,1
草薙の稲光,絶縁4,元チャ+雷バフ+会心ダメージ,ベネット(西風、旧貴族)+香菱(6凸)+夜蘭(終焉、9秒平均),9142076,10239190,42,2.94,0.5502,2.889,188.9,0.7556,0.52892,0.72225,3365,0,2.40385,0.19,1.2216,0.99225,0,Pyro:2、Hydro:1、Electro:1、,0.45,100,0.55:1.12,0.50:0.00,1
草薙の稲光,絶縁4,攻撃%+雷バフ+会心率,ベネット(西風、旧貴族)+夜蘭(終焉、9秒平均),8974864,10054230,26,1.82,0.3406,2.371,137.1,0.5484,0.38388,0.59275,3337,0,2.06715,0.19,1.0144,0.86275,0,Pyro:1、Hydro:1、Electro:1、,0.45,100,0.56:1.11,0.19:0.61,1
草薙の稲光,絶縁4,攻撃%+雷バフ+会心ダメージ,ベネット(西風、旧貴族)+夜蘭(終焉、9秒平均),8960972,10038640,26,1.82,0.3406,2.371,137.1,0.5484,0.38388,0.59275,3337,0,2.06715,0.19,1.0144,0.86275,0,Pyro:1、Hydro:1、Electro:1、,0.45,100,0.55:1.12,0.50:0.00,1
草薙の稲光,絶縁4,攻撃%+攻撃%+会心率,ベネット(西風、旧貴族)+香菱(6凸)+夜蘭(終焉、9秒平均),8896467,9965158,42,2.94,0.5502,2.371,137.1,0.5484,0.38388,0.59275,4108,0,1.60115,0.19,0.5484,0.86275,0,Pyro:2、Hydro:1、Electro:1、,0.45,100,0.56:1.11,0.19:0.61,1
草薙の稲光,絶縁4,元チャ+攻撃%+会心率,ベネット(西風、旧貴族)+香菱(6凸)+夜蘭(終焉、9秒平均),8875734,9940747,42,2.94,0.5502,2.889,188.9,0.7556,0.52892,0.72225,3805,0,1.93785,0.19,0.7556,0.99225,0,Pyro:2、Hydro:1、Electro:1、,0.45,100,0.56:1.11,0.19:0.61,1
草薙の稲光,絶縁4,攻撃%+攻撃%+会心ダメージ,ベネット(西風、旧貴族)+香菱(6凸)+夜蘭(終焉、9秒平均),8873272,9939113,42,2.94,0.5502,2.371,137.1,0.5484,0.38388,0.59275,4108,0,1.60115,0.19,0.5484,0.86275,0,Pyro:2、Hydro:1、Electro:1、,0.45,100,0.55:1.12,0.50:0.00,1
草薙の稲光,絶縁4,元チャ+攻撃%+会心ダメージ,ベネット(西風、旧貴族)+香菱(6凸)+夜蘭(終焉、9秒平均),8851487,9913522,42,2.94,0.5502,2.889,188.9,0.7556,0.52892,0.72225,3805,0,1.93785,0.19,0.7556,0.99225,0,Pyro:2、Hydro:1、Electro:1、,0.45,100,0.55:1.12,0.50:0.00,1
草薙の稲光,絶縁4,元チャ+雷バフ+会心率,ベネット(西風、旧貴族)+夜蘭(終焉、9秒平均),8808649,9867377,26,1.82,0.3406,2.889,188.9,0.7556,0.52892,0.72225,3034,0,2.40385,0.19,1.2216,0.99225,0,Pyro:1、Hydro:1、Electro:1、,0.45,100,0.56:1.11,0.19:0.61,1
草薙の稲光,絶縁4,元チャ+雷バフ+会心ダメージ,ベネット(西風、旧貴族)+夜蘭(終焉、9秒平均),8794643,9851651,26,1.82,0.3406,2.889,188.9,0.7556,0.52892,0.72225,3034,0,2.40385,0.19,1.2216,0.99225,0,Pyro:1、Hydro:1、Electro:1、,0.45,100,0.55:1.12,0.50:0.00,1
草薙の稲光,絶縁4,元チャ+攻撃%+会心率,ベネット(西風、旧貴族)+夜蘭(終焉、9秒平均),8665716,9707155,26,1.82,0.3406,2.889,188.9,0.7556,0.52892,0.72225,3474,0,1.93785,0.19,0.7556,0.99225,0,Pyro:1、Hydro:1、Electro:1、,0.45,100,0.56:1.11,0.19:0.61,1
草薙の稲光,絶縁4,元チャ+攻撃%+会心ダメージ,ベネット(西風、旧貴族)+夜蘭(終焉、9秒平均),8651875,9691612,26,1.82,0.3406,2.889,188.9,0.7556,0.52892,0.72225,3474,0,1.93785,0.19,0.7556,0.99225,0,Pyro:1、Hydro:1、Electro:1、,0.45,100,0.55:1.12,0.50:0.00,1
草薙の稲光,絶縁4,攻撃%+雷バフ+攻撃%,ベネット(西風、旧貴族)+香菱(6凸)+夜蘭(終焉、9秒平均),8650666,9690072,42,2.94,0.5502,2.371,137.1,0.5484,0.38388,0.59275,4108,0,2.06715,0.19,1.0144,0.86275,0,Pyro:2、Hydro:1、Electro:1、,0.45,100,0.40:0.80,0.35:0.30,1
草薙の稲光,絶縁4,攻撃%+攻撃%+会心率,ベネット(西風、旧貴族)+夜蘭(終焉、9秒平均),8576638,9608011,26,1.82,0.3406,2.371,137.1,0.5484,0.38388,0.59275,3778,0,1.60115,0.19,0.5484,0.86275,0,Pyro:1、Hydro:1、Electro:1、,0.45,100,0.56:1.11,0.19:0.61,1
草薙の稲光,絶縁4,攻撃%+攻撃%+会心ダメージ,ベネット(西風、旧貴族)+夜蘭(終焉、9秒平均),8563304,9593039,26,1.82,0.3406,2.371,137.1,0.5484,0.38388,0.59275,3778,0,1.60115,0.19,0.5484,0.86275,0,Pyro:1、Hydro:1、Electro:1、,0.45,100,0.55:1.12,0.50:0.00,1
草薙の稲光,絶縁4,元チャ+雷バフ+攻撃%,ベネット(西風、旧貴族)+香菱(6凸)+夜蘭(終焉、9秒平均),8507028,9528127,42,2.94,0.5502,2.889,188.9,0.7556,0.52892,0.72225,3805,0,2.40385,0.19,1.2216,0.99225,0,Pyro:2、Hydro:1、Electro:1、,0.45,100,0.40:0.80,0.35:0.30,1
草薙の稲光,絶縁4,攻撃%+雷バフ+攻撃%,ベネット(西風、旧貴族)+夜蘭(終焉、9秒平均),8304919,9303750,26,1.82,0.3406,2.371,137.1,0.5484,0.38388,0.59275,3778,0,2.06715,0.19,1.0144,0.86275,0,Pyro:1、Hydro:1、Electro:1、,0.45,100,0.40:0.80,0.35:0.30,1
草薙の稲光,絶縁4,元チャ+雷バフ+攻撃%,ベネット(西風、旧貴族)+夜蘭(終焉、9秒平均),8259244,9252007,26,1.82,0.3406,2.889,188.9,0.7556,0.52892,0.72225,3474,0,2.40385,0.19,1.2216,0.99225,0,Pyro:1、Hydro:1、Electro:1、,0.45,100,0.40:0.80,0.35:0.30,1
草薙の稲光,絶縁4,元素熟知+雷バフ+会心率,ベネット(西風、旧貴族)+香菱(6凸)+夜蘭(終焉、9秒平均),8156630,9136214,42,2.94,0.5502,2.371,137.1,0.5484,0.38388,0.59275,3228,0,2.06715,0.19,1.0144,0.86275,0,Pyro:2、Hydro:1、Electro:1、,0.45,287,0.56:1.11,0.19:0.61,1
草薙の稲光,絶縁4,元素熟知+雷バフ+会心ダメージ,ベネット(西風、旧貴族)+香菱(6凸)+夜蘭(終焉、9秒平均),8135146,9112091,42,2.94,0.5502,2.371,137.1,0.5484,0.38388,0.59275,3228,0,2.06715,0.19,1.0144,0.86275,0,Pyro:2、Hydro:1、Electro:1、,0.45,287,0.55:1.12,0.50:0.00,1
草薙の稲光,絶縁4,元チャ+攻撃%+攻撃%,ベネット(西風、旧貴族)+香菱(6凸)+夜蘭(終焉、9秒平均),8105040,9077640,42,2.94,0.5502,2.889,188.9,0.7556,0.52892,0.72225,4245,0,1.93785,0.19,0.7556,0.99225,0,Pyro:2、Hydro:1、Electro:1、,0.45,100,0.40:0.80,0.35:0.30,1
草薙の稲光,絶縁4,攻撃%+攻撃%+攻撃%,ベネット(西風、旧貴族)+香菱(6凸)+夜蘭(終焉、9秒平均),8060756,9029113,42,2.94,0.5502,2.371,137.1,0.5484,0.38388,0.59275,4549,0,1.60115,0.19,0.5484,0.86275,0,Pyro:2、Hydro:1、Electro:1、,0.45,100,0.40:0.80,0.35:0.30,1
草薙の稲光,絶縁4,元チャ+攻撃%+攻撃%,ベネット(西風、旧貴族)+夜蘭(終焉、9秒平均),7982363,8941710,26,1.82,0.3406,2.889,188.9,0.7556,0.52892,0.72225,3915,0,1.93785,0.19,0.7556,0.99225,0,Pyro:1、Hydro:1、Electro:1、,0.45,100,0.40:0.80,0.35:0.30,1
草薙の稲光,絶縁4,攻撃%+攻撃%+攻撃%,ベネット(西風、旧貴族)+夜蘭(終焉、9秒平均),7828616,8770068,26,1.82,0.3406,2.371,137.1,0.5484,0.38388,0.59275,4218,0,1.60115,0.19,0.5484,0.86275,0,Pyro:1、Hydro:1、Electro:1、,0.45,100,0.40:0.80,0.35:0.30,1
草薙の稲光,絶縁4,攻撃%+雷バフ+会心率,ベネット(西風、旧貴族)+香菱(6凸),7804701,8740786,28,1.96,0.3668,2.371,137.1,0.5484,0.38388,0.59275,3479,0,1.87715,0,1.0144,0.86275,0,Pyro:2、Electro:1、,0.45,0,0.56:1.11,0.19:0.61,1
草薙の稲光,絶縁4,元素熟知+攻撃%+会心率,ベネット(西風、旧貴族)+香菱(6凸)+夜蘭(終焉、9秒平均),7799958,8736536,42,2.94,0.5502,2.371,137.1,0.5484,0.38388,0.59275,3668,0,1.60115,0.19,0.5484,0.86275,0,Pyro:2、Hydro:1、Electro:1、,0.45,287,0.56:1.11,0.19:0.61,1
草薙の稲光,絶縁4,攻撃%+雷バフ+会心ダメージ,ベネット(西風、旧貴族)+香菱(6凸),7790133,8724428,28,1.96,0.3668,2.371,137.1,0.5484,0.38388,0.59275,3479,0,1.87715,0,1.0144,0.86275,0,Pyro:2、Electro:1、,0.45,0,0.55:1.12,0.50:0.00,1
草薙の稲光,絶縁4,元素熟知+攻撃%+会心ダメージ,ベネット(西風、旧貴族)+香菱(6凸)+夜蘭(終焉、9秒平均),7779255,8713289,42,2.94,0.5502,2.371,137.1,0.5484,0.38388,0.59275,3668,0,1.60115,0.19,0.5484,0.86275,0,Pyro:2、Hydro:1、Electro:1、,0.45,287,0.55:1.12,0.50:0.00,1
草薙の稲光,絶縁4,元チャ+元素熟知+会心率,ベネット(西風、旧貴族)+香菱(6凸)+夜蘭(終焉、9秒平均),7763900,8695258,42,2.94,0.5502,2.889,188.9,0.7556,0.52892,0.72225,3365,0,1.93785,0.19,0.7556,0.99225,0,Pyro:2、Hydro:1、Electro:1、,0.45,287,0.56:1.11,0.19:0.61,1
草薙の稲光,絶縁4,元チャ+元素熟知+会心ダメージ,ベネット(西風、旧貴族)+香菱(6凸)+夜蘭(終焉、9秒平均),7742462,8671186,42,2.94,0.5502,2.889,188.9,0.7556,0.52892,0.72225,3365,0,1.93785,0.19,0.7556,0.99225,0,Pyro:2、Hydro:1、Electro:1、,0.45,287,0.55:1.12,0.50:0.00,1
草薙の稲光,絶縁4,元素熟知+雷バフ+会心率,ベネット(西風、旧貴族)+夜蘭(終焉、9秒平均),7708167,8634978,26,1.82,0.3406,2.371,137.1,0.5484,0.38388,0.59275,2897,0,2.06715,0.19,1.0144,0.86275,0,Pyro:1、Hydro:1、Electro:1、,0.45,287,0.56:1.11,0.19:0.61,1
草薙の稲光,絶縁4,元素熟知+雷バフ+会心ダメージ,ベネット(西風、旧貴族)+夜蘭(終焉、9秒平均),7696112,8621442,26,1.82,0.3406,2.371,137.1,0.5484,0.38388,0.59275,2897,0,2.06715,0.19,1.0144,0.86275,0,Pyro:1、Hydro:1、Electro:1、,0.45,287,0.55:1.12,0.50:0.00,1
草薙の稲光,絶縁4,元チャ+雷バフ+会心率,ベネット(西風、旧貴族)+香菱(6凸),7695946,8618211,28,1.96,0.3668,2.889,188.9,0.7556,0.52892,0.72225,3176,0,2.21385,0,1.2216,0.99225,0,Pyro:2、Electro:1、,0.45,0,0.56:1.11,0.19:0.61,1
草薙の稲光,絶縁4,元チャ+雷バフ+会心ダメージ,ベネット(西風、旧貴族)+香菱(6凸),7681102,8601544,28,1.96,0.3668,2.889,188.9,0.7556,0.52892,0.72225,3176,0,2.21385,0,1.2216,0.99225,0,Pyro:2、Electro:1、,0.45,0,0.55:1.12,0.50:0.00,1
草薙の稲光,絶縁4,元素熟知+雷バフ+攻撃%,ベネット(西風、旧貴族)+香菱(6凸)+夜蘭(終焉、9秒平均),7605512,8519018,42,2.94,0.5502,2.371,137.1,0.5484,0.38388,0.59275,3668,0,2.06715,0.19,1.0144,0.86275,0,Pyro:2、Hydro:1、Electro:1、,0.45,287,0.40:0.80,0.35:0.30,1
草薙の稲光,絶縁4,元チャ+元素熟知+会心率,ベネット(西風、旧貴族)+夜蘭(終焉、9秒平均),7520081,8423708,26,1.82,0.3406,2.889,188.9,0.7556,0.52892,0.72225,3034,0,1.93785,0.19,0.7556,0.99225,0,Pyro:1、Hydro:1、Electro:1、,0.45,287,0.56:1.11,0.19:0.61,1
草薙の稲光,絶縁4,元チャ+元素熟知+会心ダメージ,ベネット(西風、旧貴族)+夜蘭(終焉、9秒平均),7507995,8410138,26,1.82,0.3406,2.889,188.9,0.7556,0.52892,0.72225,3034,0,1.93785,0.19,0.7556,0.99225,0,Pyro:1、Hydro:1、Electro:1、,0.45,287,0.55:1.12,0.50:0.00,1
草薙の稲光,絶縁4,元チャ+雷バフ+元素熟知,ベネット(西風、旧貴族)+香菱(6凸)+夜蘭(終焉、9秒平均),7502458,8402921,42,2.94,0.5502,2.889,188.9,0.7556,0.52892,0.72225,3365,0,2.40385,0.19,1.2216,0.99225,0,Pyro:2、Hydro:1、Electro:1、,0.45,287,0.40:0.80,0.35:0.30,1
草薙の稲光,絶縁4,元素熟知+攻撃%+会心率,ベネット(西風、旧貴族)+夜蘭(終焉、9秒平均),7496326,8397573,26,1.82,0.3406,2.371,137.1,0.5484,0.38388,0.59275,3337,0,1.60115,0.19,0.5484,0.86275,0,Pyro:1、Hydro:1、Electro:1、,0.45,287,0.56:1.11,0.19:0.61,1
草薙の稲光,絶縁4,元素熟知+攻撃%+会心ダメージ,ベネット(西風、旧貴族)+夜蘭(終焉、9秒平均),7484549,8384349,26,1.82,0.3406,2.371,137.1,0.5484,0.38388,0.59275,3337,0,1.60115,0.19,0.5484,0.86275,0,Pyro:1、Hydro:1、Electro:1、,0.45,287,0.55:1.12,0.50:0.00,1
草薙の稲光,絶縁4,元チャ+攻撃%+会心率,ベネット(西風、旧貴族)+香菱(6凸),7450019,8342684,28,1.96,0.3668,2.889,188.9,0.7556,0.52892,0.72225,3616,0,1.74785,0,0.7556,0.99225,0,Pyro:2、Electro:1、,0.45,0,0.56:1.11,0.19:0.61,1
草薙の稲光,絶縁4,元チャ+攻撃%+会心ダメージ,ベネット(西風、旧貴族)+香菱(6凸),7435569,8326459,28,1.96,0.3668,2.889,188.9,0.7556,0.52892,0.72225,3616,0,1.74785,0,0.7556,0.99225,0,Pyro:2、Electro:1、,0.45,0,0.55:1.12,0.50:0.00,1
草薙の稲光,絶縁4,攻撃%+攻撃%+会心率,ベネット(西風、旧貴族)+香菱(6凸),7328104,8206907,28,1.96,0.3668,2.371,137.1,0.5484,0.38388,0.59275,3919,0,1.41115,0,0.5484,0.86275,0,Pyro:2、Electro:1、,0.45,0,0.56:1.11,0.19:0.61,1
草薙の稲光,絶縁4,攻撃%+攻撃%+会心ダメージ,ベネット(西風、旧貴族)+香菱(6凸),7314351,8191465,28,1.96,0.3668,2.371,137.1,0.5484,0.38388,0.59275,3919,0,1.41115,0,0.5484,0.86275,0,Pyro:2、Electro:1、,0.45,0,0.55:1.12,0.50:0.00,1
草薙の稲光,絶縁4,元素熟知+雷バフ+攻撃%,ベネット(西風、旧貴族)+夜蘭(終焉、9秒平均),7270368,8144598,26,1.82,0.3406,2.371,137.1,0.5484,0.38388,0.59275,3337,0,2.06715,0.19,1.0144,0.86275,0,Pyro:1、Hydro:1、Electro:1、,0.45,287,0.40:0.80,0.35:0.30,1
草薙の稲光,絶縁4,元チャ+元素熟知+攻撃%,ベネット(西風、旧貴族)+香菱(6凸)+夜蘭(終焉、9秒平均),7205736,8070251,42,2.94,0.5502,2.889,188.9,0.7556,0.52892,0.72225,3805,0,1.93785,0.19,0.7556,0.99225,0,Pyro:2、Hydro:1、Electro:1、,0.45,287,0.40:0.80,0.35:0.30,1
草薙の稲光,絶縁4,元チャ+雷バフ+元素熟知,ベネット(西風、旧貴族)+夜蘭(終焉、9秒平均),7201185,8066738,26,1.82,0.3406,2.889,188.9,0.7556,0.52892,0.72225,3034,0,2.40385,0.19,1.2216,0.99225,0,Pyro:1、Hydro:1、Electro:1、,0.45,287,0.40:0.80,0.35:0.30,1
草薙の稲光,絶縁4,攻撃%+雷バフ+攻撃%,ベネット(西風、旧貴族)+香菱(6凸),7190088,8052496,28,1.96,0.3668,2.371,137.1,0.5484,0.38388,0.59275,3919,0,1.87715,0,1.0144,0.86275,0,Pyro:2、Electro:1、,0.45,0,0.40:0.80,0.35:0.30,1
草薙の稲光,絶縁4,元チャ+雷バフ+攻撃%,ベネット(西風、旧貴族)+香菱(6凸),7179959,8040474,28,1.96,0.3668,2.889,188.9,0.7556,0.52892,0.72225,3616,0,2.21385,0,1.2216,0.99225,0,Pyro:2、Electro:1、,0.45,0,0.40:0.80,0.35:0.30,1
草薙の稲光,絶縁4,元素熟知+攻撃%+攻撃%,ベネット(西風、旧貴族)+香菱(6凸)+夜蘭(終焉、9秒平均),7149732,8008287,42,2.94,0.5502,2.371,137.1,0.5484,0.38388,0.59275,4108,0,1.60115,0.19,0.5484,0.86275,0,Pyro:2、Hydro:1、Electro:1、,0.45,287,0.40:0.80,0.35:0.30,1
草薙の稲光,絶縁4,元チャ+元素熟知+攻撃%,ベネット(西風、旧貴族)+夜蘭(終焉、9秒平均),7051284,7898642,26,1.82,0.3406,2.889,188.9,0.7556,0.52892,0.72225,3474,0,1.93785,0.19,0.7556,0.99225,0,Pyro:1、Hydro:1、Electro:1、,0.45,287,0.40:0.80,0.35:0.30,1
草薙の稲光,絶縁4,元素熟知+攻撃%+攻撃%,ベネット(西風、旧貴族)+夜蘭(終焉、9秒平均),6936909,7770930,26,1.82,0.3406,2.371,137.1,0.5484,0.38388,0.59275,3778,0,1.60115,0.19,0.5484,0.86275,0,Pyro:1、Hydro:1、Electro:1、,0.45,287,0.40:0.80,0.35:0.30,1
草薙の稲光,絶縁4,元チャ+攻撃%+攻撃%,ベネット(西風、旧貴族)+香菱(6凸),6834604,7653569,28,1.96,0.3668,2.889,188.9,0.7556,0.52892,0.72225,4056,0,1.74785,0,0.7556,0.99225,0,Pyro:2、Electro:1、,0.45,0,0.40:0.80,0.35:0.30,1
草薙の稲光,絶縁4,元素熟知+元素熟知+会心率,ベネット(西風、旧貴族)+香菱(6凸)+夜蘭(終焉、9秒平均),6791643,7606945,42,2.94,0.5502,2.371,137.1,0.5484,0.38388,0.59275,3228,0,1.60115,0.19,0.5484,0.86275,0,Pyro:2、Hydro:1、Electro:1、,0.45,474,0.56:1.11,0.19:0.61,1
草薙の稲光,絶縁4,攻撃%+攻撃%+会心率,香菱(6凸)+夜蘭(終焉、9秒平均),6787734,7605211,30,2.1,0.393,2.371,137.1,0.5484,0.38388,0.59275,2783,0,1.60115,0.19,0.5484,0.86275,0,Pyro:1、Hydro:1、Electro:1、,0.45,100,0.56:1.11,0.19:0.61,1
草薙の稲光,絶縁4,攻撃%+攻撃%+会心ダメージ,香菱(6凸)+夜蘭(終焉、9秒平均),6776417,7592505,30,2.1,0.393,2.371,137.1,0.5484,0.38388,0.59275,2783,0,1.60115,0.19,0.5484,0.86275,0,Pyro:1、Hydro:1、Electro:1、,0.45,100,0.55:1.12,0.50:0.00,1
草薙の稲光,絶縁4,元素熟知+元素熟知+会心ダメージ,ベネット(西風、旧貴族)+香菱(6凸)+夜蘭(終焉、9秒平均),6773428,7586493,42,2.94,0.5502,2.371,137.1,0.5484,0.38388,0.59275,3228,0,1.60115,0.19,0.5484,0.86275,0,Pyro:2、Hydro:1、Electro:1、,0.45,474,0.55:1.12,0.50:0.00,1
草薙の稲光,絶縁4,攻撃%+雷バフ+会心率,香菱(6凸)+夜蘭(終焉、9秒平均),6770229,7585679,30,2.1,0.393,2.371,137.1,0.5484,0.38388,0.59275,2343,0,2.06715,0.19,1.0144,0.86275,0,Pyro:1、Hydro:1、Electro:1、,0.45,100,0.56:1.11,0.19:0.61,1
草薙の稲光,絶縁4,攻撃%+雷バフ+会心ダメージ,香菱(6凸)+夜蘭(終焉、9秒平均),6758996,7573066,30,2.1,0.393,2.371,137.1,0.5484,0.38388,0.59275,2343,0,2.06715,0.19,1.0144,0.86275,0,Pyro:1、Hydro:1、Electro:1、,0.45,100,0.55:1.12,0.50:0.00,1
草薙の稲光,絶縁4,元素熟知+雷バフ+会心率,ベネット(西風、旧貴族)+香菱(6凸),6729470,7536335,28,1.96,0.3668,2.371,137.1,0.5484,0.38388,0.59275,3039,0,1.87715,0,1.0144,0.86275,0,Pyro:2、Electro:1、,0.45,187,0.56:1.11,0.19:0.61,1
草薙の稲光,絶縁4,攻撃%+攻撃%+会心率,夜蘭(終焉、9秒平均),6719690,7529367,14,0.98,0.1834,2.371,137.1,0.5484,0.38388,0.59275,2689,0,1.60115,0.19,0.5484,0.86275,0,Hydro:1、Electro:1、,0.45,100,0.56:1.11,0.19:0.61,1
草薙の稲光,絶縁4,元素熟知+雷バフ+会心ダメージ,ベネット(西風、旧貴族)+香菱(6凸),6716749,7522051,28,1.96,0.3668,2.371,137.1,0.5484,0.38388,0.59275,3039,0,1.87715,0,1.0144,0.86275,0,Pyro:2、Electro:1、,0.45,187,0.55:1.12,0.50:0.00,1
草薙の稲光,絶縁4,攻撃%+攻撃%+会心ダメージ,夜蘭(終焉、9秒平均),6714452,7523485,14,0.98,0.1834,2.371,137.1,0.5484,0.38388,0.59275,2689,0,1.60115,0.19,0.5484,0.86275,0,Hydro:1、Electro:1、,0.45,100,0.55:1.12,0.50:0.00,1
草薙の稲光,絶縁4,攻撃%+雷バフ+会心率,ベネット(西風、旧貴族),6708329,7511870,12,0.84,0.1572,2.371,137.1,0.5484,0.38388,0.59275,3148,0,1.87715,0,1.0144,0.86275,0,Pyro:1、Electro:1、,0.45,0,0.56:1.11,0.19:0.61,1
草薙の稲光,絶縁4,攻撃%+雷バフ+会心ダメージ,ベネット(西風、旧貴族),6702541,7505372,12,0.84,0.1572,2.371,137.1,0.5484,0.38388,0.59275,3148,0,1.87715,0,1.0144,0.86275,0,Pyro:1、Electro:1、,0.45,0,0.55:1.12,0.50:0.00,1
草薙の稲光,絶縁4,元素熟知+雷バフ+元素熟知,ベネット(西風、旧貴族)+香菱(6凸)+夜蘭(終焉、9秒平均),6675100,7476805,42,2.94,0.5502,2.371,137.1,0.5484,0.38388,0.59275,3228,0,2.06715,0.19,1.0144,0.86275,0,Pyro:2、Hydro:1、Electro:1、,0.45,474,0.40:0.80,0.35:0.30,1
草薙の稲光,絶縁4,元チャ+雷バフ+会心率,ベネット(西風、旧貴族),6670822,7469568,12,0.84,0.1572,2.889,188.9,0.7556,0.52892,0.72225,2845,0,2.21385,0,1.2216,0.99225,0,Pyro:1、Electro:1、,0.45,0,0.56:1.11,0.19:0.61,1
草薙の稲光,絶縁4,攻撃%+攻撃%+攻撃%,ベネット(西風、旧貴族)+香菱(6凸),6665858,7465279,28,1.96,0.3668,2.371,137.1,0.5484,0.38388,0.59275,4360,0,1.41115,0,0.5484,0.86275,0,Pyro:2、Electro:1、,0.45,0,0.40:0.80,0.35:0.30,1
草薙の稲光,絶縁4,元チャ+雷バフ+会心ダメージ,ベネット(西風、旧貴族),6664983,7463013,12,0.84,0.1572,2.889,188.9,0.7556,0.52892,0.72225,2845,0,2.21385,0,1.2216,0.99225,0,Pyro:1、Electro:1、,0.45,0,0.55:1.12,0.50:0.00,1
草薙の稲光,絶縁4,元チャ+攻撃%+会心率,夜蘭(終焉、9秒平均),6643334,7443599,14,0.98,0.1834,2.889,188.9,0.7556,0.52892,0.72225,2385,0,1.93785,0.19,0.7556,0.99225,0,Hydro:1、Electro:1、,0.45,100,0.56:1.11,0.19:0.61,1
草薙の稲光,絶縁4,攻撃%+雷バフ+会心率,夜蘭(終焉、9秒平均),6640433,7440594,14,0.98,0.1834,2.371,137.1,0.5484,0.38388,0.59275,2248,0,2.06715,0.19,1.0144,0.86275,0,Hydro:1、Electro:1、,0.45,100,0.56:1.11,0.19:0.61,1
草薙の稲光,絶縁4,元チャ+攻撃%+会心ダメージ,夜蘭(終焉、9秒平均),6638088,7437709,14,0.98,0.1834,2.889,188.9,0.7556,0.52892,0.72225,2385,0,1.93785,0.19,0.7556,0.99225,0,Hydro:1、Electro:1、,0.45,100,0.55:1.12,0.50:0.00,1
草薙の稲光,絶縁4,攻撃%+雷バフ+会心ダメージ,夜蘭(終焉、9秒平均),6635267,7434795,14,0.98,0.1834,2.371,137.1,0.5484,0.38388,0.59275,2248,0,2.06715,0.19,1.0144,0.86275,0,Hydro:1、Electro:1、,0.45,100,0.55:1.12,0.50:0.00,1
草薙の稲光,絶縁4,元チャ+攻撃%+会心率,香菱(6凸)+夜蘭(終焉、9秒平均),6630443,7428486,30,2.1,0.393,2.889,188.9,0.7556,0.52892,0.72225,2480,0,1.93785,0.19,0.7556,0.99225,0,Pyro:1、Hydro:1、Electro:1、,0.45,100,0.56:1.11,0.19:0.61,1
草薙の稲光,絶縁4,元チャ+攻撃%+会心ダメージ,香菱(6凸)+夜蘭(終焉、9秒平均),6619062,7415707,30,2.1,0.393,2.889,188.9,0.7556,0.52892,0.72225,2480,0,1.93785,0.19,0.7556,0.99225,0,Pyro:1、Hydro:1、Electro:1、,0.45,100,0.55:1.12,0.50:0.00,1
草薙の稲光,絶縁4,攻撃%+雷バフ+攻撃%,香菱(6凸)+夜蘭(終焉、9秒平均),6575629,7367666,30,2.1,0.393,2.371,137.1,0.5484,0.38388,0.59275,2783,0,2.06715,0.19,1.0144,0.86275,0,Pyro:1、Hydro:1、Electro:1、,0.45,100,0.40:0.80,0.35:0.30,1
草薙の稲光,絶縁4,元チャ+攻撃%+会心率,ベネット(西風、旧貴族),6569908,7356520,12,0.84,0.1572,2.889,188.9,0.7556,0.52892,0.72225,3285,0,1.74785,0,0.7556,0.99225,0,Pyro:1、Electro:1、,0.45,0,0.56:1.11,0.19:0.61,1
草薙の稲光,絶縁4,元チャ+攻撃%+会心ダメージ,ベネット(西風、旧貴族),6564144,7350049,12,0.84,0.1572,2.889,188.9,0.7556,0.52892,0.72225,3285,0,1.74785,0,0.7556,0.99225,0,Pyro:1、Electro:1、,0.45,0,0.55:1.12,0.50:0.00,1
草薙の稲光,絶縁4,元チャ+元素熟知+会心率,ベネット(西風、旧貴族)+香菱(6凸),6492931,7270764,28,1.96,0.3668,2.889,188.9,0.7556,0.52892,0.72225,3176,0,1.74785,0,0.7556,0.99225,0,Pyro:2、Electro:1、,0.45,187,0.56:1.11,0.19:0.61,1
草薙の稲光,絶縁4,攻撃%+雷バフ+攻撃%,夜蘭(終焉、9秒平均),6486749,7268403,14,0.98,0.1834,2.371,137.1,0.5484,0.38388,0.59275,2689,0,2.06715,0.19,1.0144,0.86275,0,Hydro:1、Electro:1、,0.45,100,0.40:0.80,0.35:0.30,1
草薙の稲光,絶縁4,元チャ+元素熟知+会心ダメージ,ベネット(西風、旧貴族)+香菱(6凸),6480242,7256516,28,1.96,0.3668,2.889,188.9,0.7556,0.52892,0.72225,3176,0,1.74785,0,0.7556,0.99225,0,Pyro:2、Electro:1、,0.45,187,0.55:1.12,0.50:0.00,1
草薙の稲光,絶縁4,元素熟知+元素熟知+会心率,ベネット(西風、旧貴族)+夜蘭(終焉、9秒平均),6467190,7244602,26,1.82,0.3406,2.371,137.1,0.5484,0.38388,0.59275,2897,0,1.60115,0.19,0.5484,0.86275,0,Pyro:1、Hydro:1、Electro:1、,0.45,474,0.56:1.11,0.19:0.61,1
草薙の稲光,絶縁4,元素熟知+元素熟知+会心ダメージ,ベネット(西風、旧貴族)+夜蘭(終焉、9秒平均),6456968,7233125,26,1.82,0.3406,2.371,137.1,0.5484,0.38388,0.59275,2897,0,1.60115,0.19,0.5484,0.86275,0,Pyro:1、Hydro:1、Electro:1、,0.45,474,0.55:1.12,0.50:0.00,1
草薙の稲光,絶縁4,元チャ+攻撃%+攻撃%,夜蘭(終焉、9秒平均),6428576,7202981,14,0.98,0.1834,2.889,188.9,0.7556,0.52892,0.72225,2826,0,1.93785,0.19,0.7556,0.99225,0,Hydro:1、Electro:1、,0.45,100,0.40:0.80,0.35:0.30,1
草薙の稲光,絶縁4,攻撃%+攻撃%+攻撃%,香菱(6凸)+夜蘭(終焉、9秒平均),6427611,7201743,30,2.1,0.393,2.371,137.1,0.5484,0.38388,0.59275,3223,0,1.60115,0.19,0.5484,0.86275,0,Pyro:1、Hydro:1、Electro:1、,0.45,100,0.40:0.80,0.35:0.30,1
草薙の稲光,絶縁4,元素熟知+攻撃%+会心率,ベネット(西風、旧貴族)+香菱(6凸),6420966,7190734,28,1.96,0.3668,2.371,137.1,0.5484,0.38388,0.59275,3479,0,1.41115,0,0.5484,0.86275,0,Pyro:2、Electro:1、,0.45,187,0.56:1.11,0.19:0.61,1
草薙の稲光,絶縁4,元素熟知+攻撃%+会心ダメージ,ベネット(西風、旧貴族)+香菱(6凸),6408762,7177030,28,1.96,0.3668,2.371,137.1,0.5484,0.38388,0.59275,3479,0,1.41115,0,0.5484,0.86275,0,Pyro:2、Electro:1、,0.45,187,0.55:1.12,0.50:0.00,1
草薙の稲光,絶縁4,攻撃%+攻撃%+会心率,ベネット(西風、旧貴族),6392335,7157978,12,0.84,0.1572,2.371,137.1,0.5484,0.38388,0.59275,3589,0,1.41115,0,0.5484,0.86275,0,Pyro:1、Electro:1、,0.45,0,0.56:1.11,0.19:0.61,1
草薙の稲光,絶縁4,攻撃%+攻撃%+攻撃%,夜蘭(終焉、9秒平均),6388069,7157799,14,0.98,0.1834,2.371,137.1,0.5484,0.38388,0.59275,3129,0,1.60115,0.19,0.5484,0.86275,0,Hydro:1、Electro:1、,0.45,100,0.40:0.80,0.35:0.30,1
草薙の稲光,絶縁4,攻撃%+攻撃%+会心ダメージ,ベネット(西風、旧貴族),6386807,7151771,12,0.84,0.1572,2.371,137.1,0.5484,0.38388,0.59275,3589,0,1.41115,0,0.5484,0.86275,0,Pyro:1、Electro:1、,0.45,0,0.55:1.12,0.50:0.00,1
草薙の稲光,絶縁4,元チャ+攻撃%+攻撃%,香菱(6凸)+夜蘭(終焉、9秒平均),6383900,7152295,30,2.1,0.393,2.889,188.9,0.7556,0.52892,0.72225,2920,0,1.93785,0.19,0.7556,0.99225,0,Pyro:1、Hydro:1、Electro:1、,0.45,100,0.40:0.80,0.35:0.30,1
草薙の稲光,絶縁4,元チャ+元素熟知+元素熟知,ベネット(西風、旧貴族)+香菱(6凸)+夜蘭(終焉、9秒平均),6354510,7116848,42,2.94,0.5502,2.889,188.9,0.7556,0.52892,0.72225,3365,0,1.93785,0.19,0.7556,0.99225,0,Pyro:2、Hydro:1、Electro:1、,0.45,474,0.40:0.80,0.35:0.30,1
草薙の稲光,絶縁4,元チャ+雷バフ+会心率,香菱(6凸)+夜蘭(終焉、9秒平均),6349708,7114043,30,2.1,0.393,2.889,188.9,0.7556,0.52892,0.72225,2039,0,2.40385,0.19,1.2216,0.99225,0,Pyro:1、Hydro:1、Electro:1、,0.45,100,0.56:1.11,0.19:0.61,1
草薙の稲光,絶縁4,元チャ+雷バフ+会心ダメージ,香菱(6凸)+夜蘭(終焉、9秒平均),6338863,7101865,30,2.1,0.393,2.889,188.9,0.7556,0.52892,0.72225,2039,0,2.40385,0.19,1.2216,0.99225,0,Pyro:1、Hydro:1、Electro:1、,0.45,100,0.55:1.12,0.50:0.00,1
草薙の稲光,絶縁4,元素熟知+元素熟知+攻撃%,ベネット(西風、旧貴族)+香菱(6凸)+夜蘭(終焉、9秒平均),6333359,7093741,42,2.94,0.5502,2.371,137.1,0.5484,0.38388,0.59275,3668,0,1.60115,0.19,0.5484,0.86275,0,Pyro:2、Hydro:1、Electro:1、,0.45,474,0.40:0.80,0.35:0.30,1
草薙の稲光,絶縁4,元チャ+雷バフ+攻撃%,香菱(6凸)+夜蘭(終焉、9秒平均),6323172,7084364,30,2.1,0.393,2.889,188.9,0.7556,0.52892,0.72225,2480,0,2.40385,0.19,1.2216,0.99225,0,Pyro:1、Hydro:1、Electro:1、,0.45,100,0.40:0.80,0.35:0.30,1
草薙の稲光,絶縁4,元素熟知+雷バフ+攻撃%,ベネット(西風、旧貴族)+香菱(6凸),6312287,7069202,28,1.96,0.3668,2.371,137.1,0.5484,0.38388,0.59275,3479,0,1.87715,0,1.0144,0.86275,0,Pyro:2、Electro:1、,0.45,187,0.40:0.80,0.35:0.30,1
草薙の稲光,絶縁4,元チャ+雷バフ+攻撃%,夜蘭(終焉、9秒平均),6306351,7066078,14,0.98,0.1834,2.889,188.9,0.7556,0.52892,0.72225,2385,0,2.40385,0.19,1.2216,0.99225,0,Hydro:1、Electro:1、,0.45,100,0.40:0.80,0.35:0.30,1
草薙の稲光,絶縁4,元素熟知+雷バフ+元素熟知,ベネット(西風、旧貴族)+夜蘭(終焉、9秒平均),6301361,7059047,26,1.82,0.3406,2.371,137.1,0.5484,0.38388,0.59275,2897,0,2.06715,0.19,1.0144,0.86275,0,Pyro:1、Hydro:1、Electro:1、,0.45,474,0.40:0.80,0.35:0.30,1
草薙の稲光,絶縁4,元チャ+雷バフ+攻撃%,ベネット(西風、旧貴族),6298438,7052626,12,0.84,0.1572,2.889,188.9,0.7556,0.52892,0.72225,3285,0,2.21385,0,1.2216,0.99225,0,Pyro:1、Electro:1、,0.45,0,0.40:0.80,0.35:0.30,1
草薙の稲光,絶縁4,元チャ+雷バフ+元素熟知,ベネット(西風、旧貴族)+香菱(6凸),6293663,7047919,28,1.96,0.3668,2.889,188.9,0.7556,0.52892,0.72225,3176,0,2.21385,0,1.2216,0.99225,0,Pyro:2、Electro:1、,0.45,187,0.40:0.80,0.35:0.30,1
草薙の稲光,絶縁4,元チャ+雷バフ+会心率,夜蘭(終焉、9秒平均),6290174,7047930,14,0.98,0.1834,2.889,188.9,0.7556,0.52892,0.72225,1945,0,2.40385,0.19,1.2216,0.99225,0,Hydro:1、Electro:1、,0.45,100,0.56:1.11,0.19:0.61,1
草薙の稲光,絶縁4,元チャ+雷バフ+会心ダメージ,夜蘭(終焉、9秒平均),6285218,7042365,14,0.98,0.1834,2.889,188.9,0.7556,0.52892,0.72225,1945,0,2.40385,0.19,1.2216,0.99225,0,Hydro:1、Electro:1、,0.45,100,0.55:1.12,0.50:0.00,1
草薙の稲光,絶縁4,攻撃%+雷バフ+攻撃%,ベネット(西風、旧貴族),6246743,6995010,12,0.84,0.1572,2.371,137.1,0.5484,0.38388,0.59275,3589,0,1.87715,0,1.0144,0.86275,0,Pyro:1、Electro:1、,0.45,0,0.40:0.80,0.35:0.30,1
草薙の稲光,絶縁4,元チャ+元素熟知+元素熟知,ベネット(西風、旧貴族)+夜蘭(終焉、9秒平均),6147868,6886634,26,1.82,0.3406,2.889,188.9,0.7556,0.52892,0.72225,3034,0,1.93785,0.19,0.7556,0.99225,0,Pyro:1、Hydro:1、Electro:1、,0.45,474,0.40:0.80,0.35:0.30,1
草薙の稲光,絶縁4,元素熟知+元素熟知+攻撃%,ベネット(西風、旧貴族)+夜蘭(終焉、9秒平均),6100074,6833406,26,1.82,0.3406,2.371,137.1,0.5484,0.38388,0.59275,3337,0,1.60115,0.19,0.5484,0.86275,0,Pyro:1、Hydro:1、Electro:1、,0.45,474,0.40:0.80,0.35:0.30,1
草薙の稲光,絶縁4,元チャ+攻撃%+攻撃%,ベネット(西風、旧貴族),6086612,6815375,12,0.84,0.1572,2.889,188.9,0.7556,0.52892,0.72225,3726,0,1.74785,0,0.7556,0.99225,0,Pyro:1、Electro:1、,0.45,0,0.40:0.80,0.35:0.30,1
草薙の稲光,絶縁4,元チャ+元素熟知+攻撃%,ベネット(西風、旧貴族)+香菱(6凸),6057909,6783699,28,1.96,0.3668,2.889,188.9,0.7556,0.52892,0.72225,3616,0,1.74785,0,0.7556,0.99225,0,Pyro:2、Electro:1、,0.45,187,0.40:0.80,0.35:0.30,1
草薙の稲光,絶縁4,元素熟知+攻撃%+攻撃%,ベネット(西風、旧貴族)+香菱(6凸),5915521,6624728,28,1.96,0.3668,2.371,137.1,0.5484,0.38388,0.59275,3919,0,1.41115,0,0.5484,0.86275,0,Pyro:2、Electro:1、,0.45,187,0.40:0.80,0.35:0.30,1
草薙の稲光,絶縁4,攻撃%+攻撃%+攻撃%,ベネット(西風、旧貴族),5862864,6565103,12,0.84,0.1572,2.371,137.1,0.5484,0.38388,0.59275,4029,0,1.41115,0,0.5484,0.86275,0,Pyro:1、Electro:1、,0.45,0,0.40:0.80,0.35:0.30,1
草薙の稲光,絶縁4,元素熟知+雷バフ+会心率,ベネット(西風、旧貴族),5736613,6423658,12,0.84,0.1572,2.371,137.1,0.5484,0.38388,0.59275,2708,0,1.87715,0,1.0144,0.86275,0,Pyro:1、Electro:1、,0.45,187,0.56:1.11,0.19:0.61,1
草薙の稲光,絶縁4,元素熟知+雷バフ+会心ダメージ,ベネット(西風、旧貴族),5731635,6418071,12,0.84,0.1572,2.371,137.1,0.5484,0.38388,0.59275,2708,0,1.87715,0,1.0144,0.86275,0,Pyro:1、Electro:1、,0.45,187,0.55:1.12,0.50:0.00,1
草薙の稲光,絶縁4,元チャ+元素熟知+会心率,ベネット(西風、旧貴族),5670119,6348941,12,0.84,0.1572,2.889,188.9,0.7556,0.52892,0.72225,2845,0,1.74785,0,0.7556,0.99225,0,Pyro:1、Electro:1、,0.45,187,0.56:1.11,0.19:0.61,1
草薙の稲光,絶縁4,元チャ+元素熟知+会心ダメージ,ベネット(西風、旧貴族),5665128,6343338,12,0.84,0.1572,2.889,188.9,0.7556,0.52892,0.72225,2845,0,1.74785,0,0.7556,0.99225,0,Pyro:1、Electro:1、,0.45,187,0.55:1.12,0.50:0.00,1
草薙の稲光,絶縁4,元素熟知+攻撃%+会心率,香菱(6凸)+夜蘭(終焉、9秒平均),5648489,6328603,30,2.1,0.393,2.371,137.1,0.5484,0.38388,0.59275,2343,0,1.60115,0.19,0.5484,0.86275,0,Pyro:1、Hydro:1、Electro:1、,0.45,287,0.56:1.11,0.19:0.61,1
草薙の稲光,絶縁4,元素熟知+攻撃%+会心ダメージ,香菱(6凸)+夜蘭(終焉、9秒平均),5638966,6317909,30,2.1,0.393,2.371,137.1,0.5484,0.38388,0.59275,2343,0,1.60115,0.19,0.5484,0.86275,0,Pyro:1、Hydro:1、Electro:1、,0.45,287,0.55:1.12,0.50:0.00,1
草薙の稲光,絶縁4,攻撃%+攻撃%+会心率,香菱(6凸),5614840,6290449,16,1.12,0.2096,2.371,137.1,0.5484,0.38388,0.59275,2594,0,1.41115,0,0.5484,0.86275,0,Pyro:1、Electro:1、,0.45,0,0.56:1.11,0.19:0.61,1
草薙の稲光,絶縁4,攻撃%+攻撃%+会心ダメージ,香菱(6凸),5609533,6284490,16,1.12,0.2096,2.371,137.1,0.5484,0.38388,0.59275,2594,0,1.41115,0,0.5484,0.86275,0,Pyro:1、Electro:1、,0.45,0,0.55:1.12,0.50:0.00,1
草薙の稲光,絶縁4,元素熟知+攻撃%+会心率,夜蘭(終焉、9秒平均),5589831,6263299,14,0.98,0.1834,2.371,137.1,0.5484,0.38388,0.59275,2248,0,1.60115,0.19,0.5484,0.86275,0,Hydro:1、Electro:1、,0.45,287,0.56:1.11,0.19:0.61,1
草薙の稲光,絶縁4,元素熟知+攻撃%+会心ダメージ,夜蘭(終焉、9秒平均),5585452,6258382,14,0.98,0.1834,2.371,137.1,0.5484,0.38388,0.59275,2248,0,1.60115,0.19,0.5484,0.86275,0,Hydro:1、Electro:1、,0.45,287,0.55:1.12,0.50:0.00,1
草薙の稲光,絶縁4,攻撃%+雷バフ+会心率,香菱(6凸),5577741,6248925,16,1.12,0.2096,2.371,137.1,0.5484,0.38388,0.59275,2154,0,1.87715,0,1.0144,0.86275,0,Pyro:1、Electro:1、,0.45,0,0.56:1.11,0.19:0.61,1
草薙の稲光,絶縁4,元素熟知+攻撃%+会心率,ベネット(西風、旧貴族),5575407,6243104,12,0.84,0.1572,2.371,137.1,0.5484,0.38388,0.59275,3148,0,1.41115,0,0.5484,0.86275,0,Pyro:1、Electro:1、,0.45,187,0.56:1.11,0.19:0.61,1
草薙の稲光,絶縁4,攻撃%+雷バフ+会心ダメージ,香菱(6凸),5572482,6243020,16,1.12,0.2096,2.371,137.1,0.5484,0.38388,0.59275,2154,0,1.87715,0,1.0144,0.86275,0,Pyro:1、Electro:1、,0.45,0,0.55:1.12,0.50:0.00,1
草薙の稲光,絶縁4,元素熟知+攻撃%+会心ダメージ,ベネット(西風、旧貴族),5570558,6237661,12,0.84,0.1572,2.371,137.1,0.5484,0.38388,0.59275,3148,0,1.41115,0,0.5484,0.86275,0,Pyro:1、Electro:1、,0.45,187,0.55:1.12,0.50:0.00,1
草薙の稲光,絶縁4,元素熟知+元素熟知+会心率,ベネット(西風、旧貴族)+香菱(6凸),5566378,6233569,28,1.96,0.3668,2.371,137.1,0.5484,0.38388,0.59275,3039,0,1.41115,0,0.5484,0.86275,0,Pyro:2、Electro:1、,0.45,374,0.56:1.11,0.19:0.61,1
草薙の稲光,絶縁4,元チャ+攻撃%+会心率,香菱(6凸),5558368,6226950,16,1.12,0.2096,2.889,188.9,0.7556,0.52892,0.72225,2291,0,1.74785,0,0.7556,0.99225,0,Pyro:1、Electro:1、,0.45,0,0.56:1.11,0.19:0.61,1
草薙の稲光,絶縁4,元素熟知+元素熟知+元素熟知,ベネット(西風、旧貴族)+香菱(6凸)+夜蘭(終焉、9秒平均),5558309,6225598,42,2.94,0.5502,2.371,137.1,0.5484,0.38388,0.59275,3228,0,1.60115,0.19,0.5484,0.86275,0,Pyro:2、Hydro:1、Electro:1、,0.45,661,0.40:0.80,0.35:0.30,1
草薙の稲光,絶縁4,元素熟知+元素熟知+会心ダメージ,ベネット(西風、旧貴族)+香菱(6凸),5555721,6221602,28,1.96,0.3668,2.371,137.1,0.5484,0.38388,0.59275,3039,0,1.41115,0,0.5484,0.86275,0,Pyro:2、Electro:1、,0.45,374,0.55:1.12,0.50:0.00,1
草薙の稲光,絶縁4,元チャ+攻撃%+会心ダメージ,香菱(6凸),5553030,6220957,16,1.12,0.2096,2.889,188.9,0.7556,0.52892,0.72225,2291,0,1.74785,0,0.7556,0.99225,0,Pyro:1、Electro:1、,0.45,0,0.55:1.12,0.50:0.00,1
草薙の稲光,絶縁4,元素熟知+雷バフ+元素熟知,ベネット(西風、旧貴族)+香菱(6凸),5503078,6162928,28,1.96,0.3668,2.371,137.1,0.5484,0.38388,0.59275,3039,0,1.87715,0,1.0144,0.86275,0,Pyro:2、Electro:1、,0.45,374,0.40:0.80,0.35:0.30,1
草薙の稲光,絶縁4,攻撃%+雷バフ+攻撃%,香菱(6凸),5488717,6149201,16,1.12,0.2096,2.371,137.1,0.5484,0.38388,0.59275,2594,0,1.87715,0,1.0144,0.86275,0,Pyro:1、Electro:1、,0.45,0,0.40:0.80,0.35:0.30,1
草薙の稲光,絶縁4,元素熟知+攻撃%+攻撃%,香菱(6凸)+夜蘭(終焉、9秒平均),5486278,6146883,30,2.1,0.393,2.371,137.1,0.5484,0.38388,0.59275,2783,0,1.60115,0.19,0.5484,0.86275,0,Pyro:1、Hydro:1、Electro:1、,0.45,287,0.40:0.80,0.35:0.30,1
草薙の稲光,絶縁4,元素熟知+雷バフ+攻撃%,香菱(6凸)+夜蘭(終焉、9秒平均),5481356,6141456,30,2.1,0.393,2.371,137.1,0.5484,0.38388,0.59275,2343,0,2.06715,0.19,1.0144,0.86275,0,Pyro:1、Hydro:1、Electro:1、,0.45,287,0.40:0.80,0.35:0.30,1
草薙の稲光,絶縁4,元素熟知+攻撃%+攻撃%,夜蘭(終焉、9秒平均),5460492,6118386,14,0.98,0.1834,2.371,137.1,0.5484,0.38388,0.59275,2689,0,1.60115,0.19,0.5484,0.86275,0,Hydro:1、Electro:1、,0.45,287,0.40:0.80,0.35:0.30,1
草薙の稲光,絶縁4,元素熟知+雷バフ+攻撃%,ベネット(西風、旧貴族),5453046,6106158,12,0.84,0.1572,2.371,137.1,0.5484,0.38388,0.59275,3148,0,1.87715,0,1.0144,0.86275,0,Pyro:1、Electro:1、,0.45,187,0.40:0.80,0.35:0.30,1
草薙の稲光,絶縁4,元チャ+雷バフ+元素熟知,ベネット(西風、旧貴族),5449591,6102123,12,0.84,0.1572,2.889,188.9,0.7556,0.52892,0.72225,2845,0,2.21385,0,1.2216,0.99225,0,Pyro:1、Electro:1、,0.45,187,0.40:0.80,0.35:0.30,1
草薙の稲光,絶縁4,元素熟知+雷バフ+会心率,香菱(6凸)+夜蘭(終焉、9秒平均),5435144,6089635,30,2.1,0.393,2.371,137.1,0.5484,0.38388,0.59275,1902,0,2.06715,0.19,1.0144,0.86275,0,Pyro:1、Hydro:1、Electro:1、,0.45,287,0.56:1.11,0.19:0.61,1
草薙の稲光,絶縁4,元素熟知+雷バフ+会心ダメージ,香菱(6凸)+夜蘭(終焉、9秒平均),5426024,6079396,30,2.1,0.393,2.371,137.1,0.5484,0.38388,0.59275,1902,0,2.06715,0.19,1.0144,0.86275,0,Pyro:1、Hydro:1、Electro:1、,0.45,287,0.55:1.12,0.50:0.00,1
草薙の稲光,絶縁4,元チャ+元素熟知+会心率,香菱(6凸)+夜蘭(終焉、9秒平均),5416318,6068137,30,2.1,0.393,2.889,188.9,0.7556,0.52892,0.72225,2039,0,1.93785,0.19,0.7556,0.99225,0,Pyro:1、Hydro:1、Electro:1、,0.45,287,0.56:1.11,0.19:0.61,1
草薙の稲光,絶縁4,元チャ+元素熟知+攻撃%,夜蘭(終焉、9秒平均),5414434,6066644,14,0.98,0.1834,2.889,188.9,0.7556,0.52892,0.72225,2385,0,1.93785,0.19,0.7556,0.99225,0,Hydro:1、Electro:1、,0.45,287,0.40:0.80,0.35:0.30,1
草薙の稲光,絶縁4,元チャ+攻撃%+攻撃%,香菱(6凸),5414188,6065441,16,1.12,0.2096,2.889,188.9,0.7556,0.52892,0.72225,2731,0,1.74785,0,0.7556,0.99225,0,Pyro:1、Electro:1、,0.45,0,0.40:0.80,0.35:0.30,1
草薙の稲光,絶縁4,元チャ+元素熟知+会心ダメージ,香菱(6凸)+夜蘭(終焉、9秒平均),5406960,6057629,30,2.1,0.393,2.889,188.9,0.7556,0.52892,0.72225,2039,0,1.93785,0.19,0.7556,0.99225,0,Pyro:1、Hydro:1、Electro:1、,0.45,287,0.55:1.12,0.50:0.00,1
草薙の稲光,絶縁4,元チャ+元素熟知+会心率,夜蘭(終焉、9秒平均),5400503,6051015,14,0.98,0.1834,2.889,188.9,0.7556,0.52892,0.72225,1945,0,1.93785,0.19,0.7556,0.99225,0,Hydro:1、Electro:1、,0.45,287,0.56:1.11,0.19:0.61,1
草薙の稲光,絶縁4,元素熟知+雷バフ+攻撃%,夜蘭(終焉、9秒平均),5400155,6050818,14,0.98,0.1834,2.371,137.1,0.5484,0.38388,0.59275,2248,0,2.06715,0.19,1.0144,0.86275,0,Hydro:1、Electro:1、,0.45,287,0.40:0.80,0.35:0.30,1
草薙の稲光,絶縁4,元チャ+元素熟知+会心ダメージ,夜蘭(終焉、9秒平均),5396226,6046213,14,0.98,0.1834,2.889,188.9,0.7556,0.52892,0.72225,1945,0,1.93785,0.19,0.7556,0.99225,0,Hydro:1、Electro:1、,0.45,287,0.55:1.12,0.50:0.00,1
草薙の稲光,絶縁4,元チャ+元素熟知+攻撃%,香菱(6凸)+夜蘭(終焉、9秒平均),5393895,6043061,30,2.1,0.393,2.889,188.9,0.7556,0.52892,0.72225,2480,0,1.93785,0.19,0.7556,0.99225,0,Pyro:1、Hydro:1、Electro:1、,0.45,287,0.40:0.80,0.35:0.30,1
草薙の稲光,絶縁4,攻撃%+攻撃%+攻撃%,香菱(6凸),5366001,6011681,16,1.12,0.2096,2.371,137.1,0.5484,0.38388,0.59275,3034,0,1.41115,0,0.5484,0.86275,0,Pyro:1、Electro:1、,0.45,0,0.40:0.80,0.35:0.30,1
草薙の稲光,絶縁4,元チャ+元素熟知+攻撃%,ベネット(西風、旧貴族),5353649,5994612,12,0.84,0.1572,2.889,188.9,0.7556,0.52892,0.72225,3285,0,1.74785,0,0.7556,0.99225,0,Pyro:1、Electro:1、,0.45,187,0.40:0.80,0.35:0.30,1
草薙の稲光,絶縁4,元チャ+雷バフ+攻撃%,香菱(6凸),5330897,5972181,16,1.12,0.2096,2.889,188.9,0.7556,0.52892,0.72225,2291,0,2.21385,0,1.2216,0.99225,0,Pyro:1、Electro:1、,0.45,0,0.40:0.80,0.35:0.30,1
草薙の稲光,絶縁4,元素熟知+雷バフ+会心率,夜蘭(終焉、9秒平均),5312010,5952034,14,0.98,0.1834,2.371,137.1,0.5484,0.38388,0.59275,1808,0,2.06715,0.19,1.0144,0.86275,0,Hydro:1、Electro:1、,0.45,287,0.56:1.11,0.19:0.61,1
草薙の稲光,絶縁4,元チャ+元素熟知+元素熟知,ベネット(西風、旧貴族)+香菱(6凸),5309985,5946136,28,1.96,0.3668,2.889,188.9,0.7556,0.52892,0.72225,3176,0,1.74785,0,0.7556,0.99225,0,Pyro:2、Electro:1、,0.45,374,0.40:0.80,0.35:0.30,1
草薙の稲光,絶縁4,元素熟知+雷バフ+会心ダメージ,夜蘭(終焉、9秒平均),5307857,5947372,14,0.98,0.1834,2.371,137.1,0.5484,0.38388,0.59275,1808,0,2.06715,0.19,1.0144,0.86275,0,Hydro:1、Electro:1、,0.45,287,0.55:1.12,0.50:0.00,1
草薙の稲光,絶縁4,元素熟知+元素熟知+元素熟知,ベネット(西風、旧貴族)+夜蘭(終焉、9秒平均),5286960,5922521,26,1.82,0.3406,2.371,137.1,0.5484,0.38388,0.59275,2897,0,1.60115,0.19,0.5484,0.86275,0,Pyro:1、Hydro:1、Electro:1、,0.45,661,0.40:0.80,0.35:0.30,1
草薙の稲光,絶縁4,元チャ+雷バフ+会心率,香菱(6凸),5265767,5899192,16,1.12,0.2096,2.889,188.9,0.7556,0.52892,0.72225,1850,0,2.21385,0,1.2216,0.99225,0,Pyro:1、Electro:1、,0.45,0,0.56:1.11,0.19:0.61,1
草薙の稲光,絶縁4,元チャ+雷バフ+会心ダメージ,香菱(6凸),5260723,5893529,16,1.12,0.2096,2.889,188.9,0.7556,0.52892,0.72225,1850,0,2.21385,0,1.2216,0.99225,0,Pyro:1、Electro:1、,0.45,0,0.55:1.12,0.50:0.00,1
草薙の稲光,絶縁4,元素熟知+元素熟知+攻撃%,ベネット(西風、旧貴族)+香菱(6凸),5221553,5847472,28,1.96,0.3668,2.371,137.1,0.5484,0.38388,0.59275,3479,0,1.41115,0,0.5484,0.86275,0,Pyro:2、Electro:1、,0.45,374,0.40:0.80,0.35:0.30,1
草薙の稲光,絶縁4,元素熟知+攻撃%+攻撃%,ベネット(西風、旧貴族),5191811,5813583,12,0.84,0.1572,2.371,137.1,0.5484,0.38388,0.59275,3589,0,1.41115,0,0.5484,0.86275,0,Pyro:1、Electro:1、,0.45,187,0.40:0.80,0.35:0.30,1
草薙の稲光,絶縁4,元チャ+雷バフ+元素熟知,香菱(6凸)+夜蘭(終焉、9秒平均),5191580,5816529,30,2.1,0.393,2.889,188.9,0.7556,0.52892,0.72225,2039,0,2.40385,0.19,1.2216,0.99225,0,Pyro:1、Hydro:1、Electro:1、,0.45,287,0.40:0.80,0.35:0.30,1
草薙の稲光,絶縁4,元チャ+雷バフ+元素熟知,夜蘭(終焉、9秒平均),5138180,5757168,14,0.98,0.1834,2.889,188.9,0.7556,0.52892,0.72225,1945,0,2.40385,0.19,1.2216,0.99225,0,Hydro:1、Electro:1、,0.45,287,0.40:0.80,0.35:0.30,1
草薙の稲光,絶縁4,元素熟知+元素熟知+会心率,ベネット(西風、旧貴族),4779539,5351877,12,0.84,0.1572,2.371,137.1,0.5484,0.38388,0.59275,2708,0,1.41115,0,0.5484,0.86275,0,Pyro:1、Electro:1、,0.45,374,0.56:1.11,0.19:0.61,1
草薙の稲光,絶縁4,元素熟知+元素熟知+会心ダメージ,ベネット(西風、旧貴族),4775369,5347195,12,0.84,0.1572,2.371,137.1,0.5484,0.38388,0.59275,2708,0,1.41115,0,0.5484,0.86275,0,Pyro:1、Electro:1、,0.45,374,0.55:1.12,0.50:0.00,1
草薙の稲光,絶縁4,元素熟知+雷バフ+元素熟知,ベネット(西風、旧貴族),4686371,5247647,12,0.84,0.1572,2.371,137.1,0.5484,0.38388,0.59275,2708,0,1.87715,0,1.0144,0.86275,0,Pyro:1、Electro:1、,0.45,374,0.40:0.80,0.35:0.30,1
草薙の稲光,絶縁4,元チャ+元素熟知+元素熟知,ベネット(西風、旧貴族),4632110,5186674,12,0.84,0.1572,2.889,188.9,0.7556,0.52892,0.72225,2845,0,1.74785,0,0.7556,0.99225,0,Pyro:1、Electro:1、,0.45,374,0.40:0.80,0.35:0.30,1
草薙の稲光,絶縁4,元素熟知+攻撃%+会心率,香菱(6凸),4632015,5189291,16,1.12,0.2096,2.371,137.1,0.5484,0.38388,0.59275,2154,0,1.41115,0,0.5484,0.86275,0,Pyro:1、Electro:1、,0.45,187,0.56:1.11,0.19:0.61,1
草薙の稲光,絶縁4,元素熟知+攻撃%+会心ダメージ,香菱(6凸),4627609,5184344,16,1.12,0.2096,2.371,137.1,0.5484,0.38388,0.59275,2154,0,1.41115,0,0.5484,0.86275,0,Pyro:1、Electro:1、,0.45,187,0.55:1.12,0.50:0.00,1
草薙の稲光,絶縁4,元素熟知+元素熟知+攻撃%,香菱(6凸)+夜蘭(終焉、9秒平均),4595352,5148624,30,2.1,0.393,2.371,137.1,0.5484,0.38388,0.59275,2343,0,1.60115,0.19,0.5484,0.86275,0,Pyro:1、Hydro:1、Electro:1、,0.45,474,0.40:0.80,0.35:0.30,1
草薙の稲光,絶縁4,元素熟知+攻撃%+攻撃%,香菱(6凸),4558122,5106519,16,1.12,0.2096,2.371,137.1,0.5484,0.38388,0.59275,2594,0,1.41115,0,0.5484,0.86275,0,Pyro:1、Electro:1、,0.45,187,0.40:0.80,0.35:0.30,1
草薙の稲光,絶縁4,元素熟知+元素熟知+会心率,香菱(6凸)+夜蘭(終焉、9秒平均),4556437,5104985,30,2.1,0.393,2.371,137.1,0.5484,0.38388,0.59275,1902,0,1.60115,0.19,0.5484,0.86275,0,Pyro:1、Hydro:1、Electro:1、,0.45,474,0.56:1.11,0.19:0.61,1
草薙の稲光,絶縁4,元素熟知+元素熟知+攻撃%,夜蘭(終焉、9秒平均),4555867,5104745,14,0.98,0.1834,2.371,137.1,0.5484,0.38388,0.59275,2248,0,1.60115,0.19,0.5484,0.86275,0,Hydro:1、Electro:1、,0.45,474,0.40:0.80,0.35:0.30,1
草薙の稲光,絶縁4,元素熟知+元素熟知+元素熟知,ベネット(西風、旧貴族)+香菱(6凸),4552061,5097700,28,1.96,0.3668,2.371,137.1,0.5484,0.38388,0.59275,3039,0,1.41115,0,0.5484,0.86275,0,Pyro:2、Electro:1、,0.45,561,0.40:0.80,0.35:0.30,1
草薙の稲光,絶縁4,元素熟知+元素熟知+会心ダメージ,香菱(6凸)+夜蘭(終焉、9秒平均),4548705,5096304,30,2.1,0.393,2.371,137.1,0.5484,0.38388,0.59275,1902,0,1.60115,0.19,0.5484,0.86275,0,Pyro:1、Hydro:1、Electro:1、,0.45,474,0.55:1.12,0.50:0.00,1
草薙の稲光,絶縁4,元素熟知+元素熟知+攻撃%,ベネット(西風、旧貴族),4543326,5087401,12,0.84,0.1572,2.371,137.1,0.5484,0.38388,0.59275,3148,0,1.41115,0,0.5484,0.86275,0,Pyro:1、Electro:1、,0.45,374,0.40:0.80,0.35:0.30,1
草薙の稲光,絶縁4,元素熟知+雷バフ+攻撃%,香菱(6凸),4532195,5077513,16,1.12,0.2096,2.371,137.1,0.5484,0.38388,0.59275,2154,0,1.87715,0,1.0144,0.86275,0,Pyro:1、Electro:1、,0.45,187,0.40:0.80,0.35:0.30,1
草薙の稲光,絶縁4,元チャ+元素熟知+攻撃%,香菱(6凸),4528617,5073317,16,1.12,0.2096,2.889,188.9,0.7556,0.52892,0.72225,2291,0,1.74785,0,0.7556,0.99225,0,Pyro:1、Electro:1、,0.45,187,0.40:0.80,0.35:0.30,1
草薙の稲光,絶縁4,元素熟知+元素熟知+会心率,夜蘭(終焉、9秒平均),4481469,5021368,14,0.98,0.1834,2.371,137.1,0.5484,0.38388,0.59275,1808,0,1.60115,0.19,0.5484,0.86275,0,Hydro:1、Electro:1、,0.45,474,0.56:1.11,0.19:0.61,1
草薙の稲光,絶縁4,元素熟知+元素熟知+会心ダメージ,夜蘭(終焉、9秒平均),4477948,5017415,14,0.98,0.1834,2.371,137.1,0.5484,0.38388,0.59275,1808,0,1.60115,0.19,0.5484,0.86275,0,Hydro:1、Electro:1、,0.45,474,0.55:1.12,0.50:0.00,1
草薙の稲光,絶縁4,元チャ+元素熟知+会心率,香菱(6凸),4473236,5011253,16,1.12,0.2096,2.889,188.9,0.7556,0.52892,0.72225,1850,0,1.74785,0,0.7556,0.99225,0,Pyro:1、Electro:1、,0.45,187,0.56:1.11,0.19:0.61,1
草薙の稲光,絶縁4,元チャ+元素熟知+会心ダメージ,香菱(6凸),4468925,5006412,16,1.12,0.2096,2.889,188.9,0.7556,0.52892,0.72225,1850,0,1.74785,0,0.7556,0.99225,0,Pyro:1、Electro:1、,0.45,187,0.55:1.12,0.50:0.00,1
草薙の稲光,絶縁4,元素熟知+雷バフ+元素熟知,香菱(6凸)+夜蘭(終焉、9秒平均),4443690,4978810,30,2.1,0.393,2.371,137.1,0.5484,0.38388,0.59275,1902,0,2.06715,0.19,1.0144,0.86275,0,Pyro:1、Hydro:1、Electro:1、,0.45,474,0.40:0.80,0.35:0.30,1
草薙の稲光,絶縁4,元チャ+元素熟知+元素熟知,香菱(6凸)+夜蘭(終焉、9秒平均),4428519,4961481,30,2.1,0.393,2.889,188.9,0.7556,0.52892,0.72225,2039,0,1.93785,0.19,0.7556,0.99225,0,Pyro:1、Hydro:1、Electro:1、,0.45,474,0.40:0.80,0.35:0.30,1
草薙の稲光,絶縁4,元チャ+元素熟知+元素熟知,夜蘭(終焉、9秒平均),4411462,4942848,14,0.98,0.1834,2.889,188.9,0.7556,0.52892,0.72225,1945,0,1.93785,0.19,0.7556,0.99225,0,Hydro:1、Electro:1、,0.45,474,0.40:0.80,0.35:0.30,1
草薙の稲光,絶縁4,元素熟知+雷バフ+会心率,香菱(6凸),4409096,4939583,16,1.12,0.2096,2.371,137.1,0.5484,0.38388,0.59275,1713,0,1.87715,0,1.0144,0.86275,0,Pyro:1、Electro:1、,0.45,187,0.56:1.11,0.19:0.61,1
草薙の稲光,絶縁4,元素熟知+雷バフ+会心ダメージ,香菱(6凸),4404913,4934887,16,1.12,0.2096,2.371,137.1,0.5484,0.38388,0.59275,1713,0,1.87715,0,1.0144,0.86275,0,Pyro:1、Electro:1、,0.45,187,0.55:1.12,0.50:0.00,1
草薙の稲光,絶縁4,元チャ+攻撃%+会心率,,4369936,4893079,0,0,0,2.889,188.9,0.7556,0.52892,0.72225,2196,0,1.74785,0,0.7556,0.99225,0,Electro:1、,0.45,0,0.56:1.11,0.19:0.61,1
草薙の稲光,絶縁4,元チャ+攻撃%+会心ダメージ,,4369773,4892895,0,0,0,2.889,188.9,0.7556,0.52892,0.72225,2196,0,1.74785,0,0.7556,0.99225,0,Electro:1、,0.45,0,0.55:1.12,0.50:0.00,1
草薙の稲光,絶縁4,攻撃%+攻撃%+会心率,,4364041,4886478,0,0,0,2.371,137.1,0.5484,0.38388,0.59275,2500,0,1.41115,0,0.5484,0.86275,0,Electro:1、,0.45,0,0.56:1.11,0.19:0.61,1
草薙の稲光,絶縁4,攻撃%+攻撃%+会心ダメージ,,4363878,4886294,0,0,0,2.371,137.1,0.5484,0.38388,0.59275,2500,0,1.41115,0,0.5484,0.86275,0,Electro:1、,0.45,0,0.55:1.12,0.50:0.00,1
草薙の稲光,絶縁4,元素熟知+雷バフ+元素熟知,夜蘭(終焉、9秒平均),4339132,4861945,14,0.98,0.1834,2.371,137.1,0.5484,0.38388,0.59275,1808,0,2.06715,0.19,1.0144,0.86275,0,Hydro:1、Electro:1、,0.45,474,0.40:0.80,0.35:0.30,1
草薙の稲光,絶縁4,元チャ+雷バフ+元素熟知,香菱(6凸),4302115,4819631,16,1.12,0.2096,2.889,188.9,0.7556,0.52892,0.72225,1850,0,2.21385,0,1.2216,0.99225,0,Pyro:1、Electro:1、,0.45,187,0.40:0.80,0.35:0.30,1
草薙の稲光,絶縁4,攻撃%+雷バフ+会心率,,4290007,4803581,0,0,0,2.371,137.1,0.5484,0.38388,0.59275,2059,0,1.87715,0,1.0144,0.86275,0,Electro:1、,0.45,0,0.56:1.11,0.19:0.61,1
草薙の稲光,絶縁4,攻撃%+雷バフ+会心ダメージ,,4289846,4803401,0,0,0,2.371,137.1,0.5484,0.38388,0.59275,2059,0,1.87715,0,1.0144,0.86275,0,Electro:1、,0.45,0,0.55:1.12,0.50:0.00,1
草薙の稲光,絶縁4,元チャ+攻撃%+攻撃%,,4282164,4794799,0,0,0,2.889,188.9,0.7556,0.52892,0.72225,2637,0,1.74785,0,0.7556,0.99225,0,Electro:1、,0.45,0,0.40:0.80,0.35:0.30,1
草薙の稲光,絶縁4,攻撃%+雷バフ+攻撃%,,4250577,4759431,0,0,0,2.371,137.1,0.5484,0.38388,0.59275,2500,0,1.87715,0,1.0144,0.86275,0,Electro:1、,0.45,0,0.40:0.80,0.35:0.30,1
草薙の稲光,絶縁4,攻撃%+攻撃%+攻撃%,,4189715,4691282,0,0,0,2.371,137.1,0.5484,0.38388,0.59275,2940,0,1.41115,0,0.5484,0.86275,0,Electro:1、,0.45,0,0.40:0.80,0.35:0.30,1
草薙の稲光,絶縁4,元チャ+雷バフ+攻撃%,,4171848,4671277,0,0,0,2.889,188.9,0.7556,0.52892,0.72225,2196,0,2.21385,0,1.2216,0.99225,0,Electro:1、,0.45,0,0.40:0.80,0.35:0.30,1
草薙の稲光,絶縁4,元チャ+雷バフ+会心率,,4086187,4575360,0,0,0,2.889,188.9,0.7556,0.52892,0.72225,1756,0,2.21385,0,1.2216,0.99225,0,Electro:1、,0.45,0,0.56:1.11,0.19:0.61,1
草薙の稲光,絶縁4,元チャ+雷バフ+会心ダメージ,,4086034,4575189,0,0,0,2.889,188.9,0.7556,0.52892,0.72225,1756,0,2.21385,0,1.2216,0.99225,0,Electro:1、,0.45,0,0.55:1.12,0.50:0.00,1
草薙の稲光,絶縁4,元素熟知+元素熟知+元素熟知,ベネット(西風、旧貴族),3904535,4372103,12,0.84,0.1572,2.371,137.1,0.5484,0.38388,0.59275,2708,0,1.41115,0,0.5484,0.86275,0,Pyro:1、Electro:1、,0.45,561,0.40:0.80,0.35:0.30,1
草薙の稲光,絶縁4,元素熟知+元素熟知+攻撃%,香菱(6凸),3773952,4227977,16,1.12,0.2096,2.371,137.1,0.5484,0.38388,0.59275,2154,0,1.41115,0,0.5484,0.86275,0,Pyro:1、Electro:1、,0.45,374,0.40:0.80,0.35:0.30,1
草薙の稲光,絶縁4,元素熟知+元素熟知+元素熟知,香菱(6凸)+夜蘭(終焉、9秒平均),3725343,4173852,30,2.1,0.393,2.371,137.1,0.5484,0.38388,0.59275,1902,0,1.60115,0.19,0.5484,0.86275,0,Pyro:1、Hydro:1、Electro:1、,0.45,661,0.40:0.80,0.35:0.30,1
草薙の稲光,絶縁4,元素熟知+元素熟知+会心率,香菱(6凸),3671404,4113076,16,1.12,0.2096,2.371,137.1,0.5484,0.38388,0.59275,1713,0,1.41115,0,0.5484,0.86275,0,Pyro:1、Electro:1、,0.45,374,0.56:1.11,0.19:0.61,1
草薙の稲光,絶縁4,元素熟知+元素熟知+会心ダメージ,香菱(6凸),3667900,4109141,16,1.12,0.2096,2.371,137.1,0.5484,0.38388,0.59275,1713,0,1.41115,0,0.5484,0.86275,0,Pyro:1、Electro:1、,0.45,374,0.55:1.12,0.50:0.00,1
草薙の稲光,絶縁4,元素熟知+元素熟知+元素熟知,夜蘭(終焉、9秒平均),3660716,4101743,14,0.98,0.1834,2.371,137.1,0.5484,0.38388,0.59275,1808,0,1.60115,0.19,0.5484,0.86275,0,Hydro:1、Electro:1、,0.45,661,0.40:0.80,0.35:0.30,1
草薙の稲光,絶縁4,元チャ+元素熟知+元素熟知,香菱(6凸),3654641,4094210,16,1.12,0.2096,2.889,188.9,0.7556,0.52892,0.72225,1850,0,1.74785,0,0.7556,0.99225,0,Pyro:1、Electro:1、,0.45,374,0.40:0.80,0.35:0.30,1
草薙の稲光,絶縁4,元素熟知+雷バフ+元素熟知,香菱(6凸),3602184,4035595,16,1.12,0.2096,2.371,137.1,0.5484,0.38388,0.59275,1713,0,1.87715,0,1.0144,0.86275,0,Pyro:1、Electro:1、,0.45,374,0.40:0.80,0.35:0.30,1
草薙の稲光,絶縁4,元素熟知+攻撃%+会心率,,3595172,4025565,0,0,0,2.371,137.1,0.5484,0.38388,0.59275,2059,0,1.41115,0,0.5484,0.86275,0,Electro:1、,0.45,187,0.56:1.11,0.19:0.61,1
草薙の稲光,絶縁4,元素熟知+攻撃%+会心ダメージ,,3595038,4025414,0,0,0,2.371,137.1,0.5484,0.38388,0.59275,2059,0,1.41115,0,0.5484,0.86275,0,Electro:1、,0.45,187,0.55:1.12,0.50:0.00,1
草薙の稲光,絶縁4,元チャ+元素熟知+攻撃%,,3566941,3993953,0,0,0,2.889,188.9,0.7556,0.52892,0.72225,2196,0,1.74785,0,0.7556,0.99225,0,Electro:1、,0.45,187,0.40:0.80,0.35:0.30,1
草薙の稲光,絶縁4,元素熟知+攻撃%+攻撃%,,3562129,3988565,0,0,0,2.371,137.1,0.5484,0.38388,0.59275,2500,0,1.41115,0,0.5484,0.86275,0,Electro:1、,0.45,187,0.40:0.80,0.35:0.30,1
草薙の稲光,絶縁4,元素熟知+雷バフ+攻撃%,,3501699,3920901,0,0,0,2.371,137.1,0.5484,0.38388,0.59275,2059,0,1.87715,0,1.0144,0.86275,0,Electro:1、,0.45,187,0.40:0.80,0.35:0.30,1
草薙の稲光,絶縁4,元チャ+元素熟知+会心率,,3493700,3911945,0,0,0,2.889,188.9,0.7556,0.52892,0.72225,1756,0,1.74785,0,0.7556,0.99225,0,Electro:1、,0.45,187,0.56:1.11,0.19:0.61,1
草薙の稲光,絶縁4,元チャ+元素熟知+会心ダメージ,,3493569,3911798,0,0,0,2.889,188.9,0.7556,0.52892,0.72225,1756,0,1.74785,0,0.7556,0.99225,0,Electro:1、,0.45,187,0.55:1.12,0.50:0.00,1
草薙の稲光,絶縁4,元素熟知+雷バフ+会心率,,3372540,3776280,0,0,0,2.371,137.1,0.5484,0.38388,0.59275,1619,0,1.87715,0,1.0144,0.86275,0,Electro:1、,0.45,187,0.56:1.11,0.19:0.61,1
草薙の稲光,絶縁4,元素熟知+雷バフ+会心ダメージ,,3372413,3776138,0,0,0,2.371,137.1,0.5484,0.38388,0.59275,1619,0,1.87715,0,1.0144,0.86275,0,Electro:1、,0.45,187,0.55:1.12,0.50:0.00,1
草薙の稲光,絶縁4,元チャ+雷バフ+元素熟知,,3335331,3734617,0,0,0,2.889,188.9,0.7556,0.52892,0.72225,1756,0,2.21385,0,1.2216,0.99225,0,Electro:1、,0.45,187,0.40:0.80,0.35:0.30,1
草薙の稲光,絶縁4,元素熟知+元素熟知+元素熟知,香菱(6凸),2999516,3360365,16,1.12,0.2096,2.371,137.1,0.5484,0.38388,0.59275,1713,0,1.41115,0,0.5484,0.86275,0,Pyro:1、Electro:1、,0.45,561,0.40:0.80,0.35:0.30,1
草薙の稲光,絶縁4,元素熟知+元素熟知+攻撃%,,2934543,3285849,0,0,0,2.371,137.1,0.5484,0.38388,0.59275,2059,0,1.41115,0,0.5484,0.86275,0,Electro:1、,0.45,374,0.40:0.80,0.35:0.30,1
草薙の稲光,絶縁4,元チャ+元素熟知+元素熟知,,2851717,3193108,0,0,0,2.889,188.9,0.7556,0.52892,0.72225,1756,0,1.74785,0,0.7556,0.99225,0,Electro:1、,0.45,374,0.40:0.80,0.35:0.30,1
草薙の稲光,絶縁4,元素熟知+元素熟知+会心率,,2826303,3164651,0,0,0,2.371,137.1,0.5484,0.38388,0.59275,1619,0,1.41115,0,0.5484,0.86275,0,Electro:1、,0.45,374,0.56:1.11,0.19:0.61,1
草薙の稲光,絶縁4,元素熟知+元素熟知+会心ダメージ,,2826197,3164533,0,0,0,2.371,137.1,0.5484,0.38388,0.59275,1619,0,1.41115,0,0.5484,0.86275,0,Electro:1、,0.45,374,0.55:1.12,0.50:0.00,1
草薙の稲光,絶縁4,元素熟知+雷バフ+元素熟知,,2752820,3082371,0,0,0,2.371,137.1,0.5484,0.38388,0.59275,1619,0,1.87715,0,1.0144,0.86275,0,Electro:1、,0.45,374,0.40:0.80,0.35:0.30,1
草薙の稲光,絶縁4,元素熟知+元素熟知+元素熟知,,2306957,2583132,0,0,0,2.371,137.1,0.5484,0.38388,0.59275,1619,0,1.41115,0,0.5484,0.86275,0,Electro:1、,0.45,561,0.40:0.80,0.35:0.30,1
